id,bid,正文,头条文章url,原始图片url,视频url,位置,日期,工具,点赞数,评论数,转发数,话题,@用户
4914388140821985	,N62iG3rPP,【#藏博会#上各地手工产品争奇斗艳】6月16日至18日，由文化和旅游部、西藏自治区人民政府共同主办的第五届中国西藏旅游文化国际博览会在拉萨举办。本届藏博会以线上线下融合方式举办，来自西藏农牧区的50家供销合作组织，带来糌粑、手工艺品等约300种特色产品。参展外商国别进一步增加，来自尼泊尔、印度、越南、伊朗、意大利、澳大利亚等16个国家的60家企业带来630种商品，让展馆里洋溢着浓郁的“国际范”。（新华网）,,"https://wx3.sinaimg.cn/large/73248c37gy1hf3hx3i1jqj20sg0hjtag.jpg,https://wx1.sinaimg.cn/large/73248c37gy1hf3hx3o9zbj20sf0hqwgq.jpg,https://wx2.sinaimg.cn/large/73248c37gy1hf3hx3wp8sj20sf0iiacn.jpg,https://wx4.sinaimg.cn/large/73248c37gy1hf3hx436lij20sf0k6mzw.jpg,https://wx2.sinaimg.cn/large/73248c37gy1hf3hx4ay4yj20sg0iltbd.jpg,https://wx4.sinaimg.cn/large/73248c37gy1hf3hx4ibkjj20sf0hqmzt.jpg,https://wx1.sinaimg.cn/large/73248c37gy1hf3hx4pf8tj20sf0jm776.jpg,https://wx3.sinaimg.cn/large/73248c37gy1hf3hx4vijbj20sg0izwhp.jpg,https://wx2.sinaimg.cn/large/73248c37gy1hf3hx51v8uj20sf0jcwgr.jpg,https://wx4.sinaimg.cn/large/73248c37gy1hf3hx591zsj20sg0izju4.jpg,https://wx2.sinaimg.cn/large/73248c37gy1hf3hx5g8l0j20sg0izjtz.jpg,https://wx1.sinaimg.cn/large/73248c37gy1hf3hx5lzu2j20sg0izq5m.jpg,https://wx2.sinaimg.cn/large/73248c37gy1hf3hx5tcl6j20sf0iygoe.jpg,https://wx1.sinaimg.cn/large/73248c37gy1hf3hx601tzj20sf0i3taz.jpg,https://wx1.sinaimg.cn/large/73248c37gy1hf3hx676omj20sf0i8whl.jpg,https://wx3.sinaimg.cn/large/73248c37gy1hf3hx6ex2cj20sf0iytb4.jpg",,,2023-06-19,微博网页版,0,0,0,藏博会,,2023-06-19 16:55:00
4914368510428835	,N61N11NyH,【班禅在西藏昌都开展佛事和社会活动 勉励各寺僧众努力修行】6月5日，#班禅#途经川藏公路北线进藏，开启回藏佛事和社会活动。至6月17日，班禅先后在萨迦派瓦拉寺，噶举派觉普寺、佐孜寺、类乌齐寺，格鲁派拉贡寺、烟多寺、金卡寺、强巴林寺，以及雍仲苯教孜珠寺等礼佛讲经、参观访问。“现在国家富强、社会进步、经济发展，各方面越来越好，要对此心怀感恩，而内在的东西，需要自己努力修行。”班禅在觉普寺礼佛讲经勉励僧众时说道。（中新网）网页链接,,"https://wx4.sinaimg.cn/large/73248c37gy1hf3d8plvn9j20jg0bxwmz.jpg,https://wx3.sinaimg.cn/large/73248c37gy1hf3d8pzmr0j20jg0cuakq.jpg,https://wx1.sinaimg.cn/large/73248c37gy1hf3d8qcxq8j20jg0d4n8q.jpg,https://wx3.sinaimg.cn/large/73248c37gy1hf3d8qqywaj20jg0d0tk8.jpg,https://wx1.sinaimg.cn/large/73248c37gy1hf3d8r2vzfj20jg0cvthl.jpg,https://wx2.sinaimg.cn/large/73248c37gy1hf3d8rl4q2j20jg0dlwnd.jpg,https://wx3.sinaimg.cn/large/73248c37gy1hf3d8rxsagj20jg0cxai9.jpg,https://wx2.sinaimg.cn/large/73248c37gy1hf3d8sac2nj20jg0d20zi.jpg,https://wx3.sinaimg.cn/large/73248c37gy1hf3d8smxcdj20jg0df0yv.jpg,https://wx4.sinaimg.cn/large/73248c37gy1hf3d8sye3aj20jg0deaix.jpg,https://wx3.sinaimg.cn/large/73248c37gy1hf3d8tbnr6j20jg0cwak4.jpg",,,2023-06-19,微博网页版,1,0,0,班禅,,2023-06-19 15:37:00
4914345361801842	,N61bG7yJY,【解码文化自信的城市样本｜千秋交融向未来——解码高原古城拉萨的文化自信样本】“近1400年的历史里，拉萨始终以其古老、神奇的姿态，像一颗璀璨的明珠，闪耀在莲花般盛开的山峰间，磁石一般吸引着四面八方人们的眼球。”藏族女作家德吉措姆在其《流淌的吉曲河》一书中的这段话，生动表达了高原古城拉萨的#文化自信#。　　建城近1400年的高原古城拉萨，因历史悠久，涵养独特厚重文化；因交流互鉴，展示包容自信气度；因开放创新，赋予历久弥新活力。#拉萨# 西藏在线网的微博视频,,,"https://f.video.weibocdn.com/o0/gA3Hqzd5lx086lZCQU5W01041201aVor0E010.mp4?label=mp4_ld&template=640x360.25.0&ori=0&ps=1BThihd3VLAY5R&Expires=1687171215&ssig=P0KtRGe5w4&KID=unistore,video",,2023-06-19,微博视频号,0,0,0,"文化自信,拉萨",,2023-06-19 14:05:01
4914290962993187	,N5ZLWcyFd,【第五届中国西藏旅游文化国际博览会开幕】6月16日晚，由文化和旅游部、西藏自治区人民政府共同主办的第五届中国西藏旅游文化国际博览会在拉萨开幕，吸引了海内外近千家企业参与，参展产品近万种。让我们跟着记者一起打卡藏博会展馆，看看都有哪些西藏特色的产品吧~~#藏博会# 西藏在线网的微博视频 ,,,"https://f.video.weibocdn.com/o0/Zkp7BK0llx086lVQ4toQ01041200OGmu0E010.mp4?label=mp4_720p&template=1280x720.25.0&ori=0&ps=1CwnkDw1GXwCQx&Expires=1687171213&ssig=aswwwB09cL&KID=unistore,video",,2023-06-19,微博视频号,0,0,0,藏博会,,2023-06-19 10:28:51
4913326058902737	,N5AFDBm0x,【边巴拉姆：西藏妇女发展权取得全方位保障】#发展权#是一项不可剥夺的#人权#。西藏和平解放70多年来年，西藏妇女权益保障从无到有进入法治化轨道，宪法、法律和地方性法规的广泛赋权为西藏妇女提供了充分的发展机会和发展条件，对西藏妇女在政治、经济、文化、社会和家庭等各方面的发展权进行全方位保障。#西藏人权# 西藏在线网的微博视频,,,"https://f.video.weibocdn.com/o0/jy6XSgb2lx086hGwX7Je01041200kJK00E010.mp4?label=mp4_720p&template=1280x720.25.0&ori=0&ps=1BThihd3VLAY5R&Expires=1687171215&ssig=elb5HPGvaB&KID=unistore,video",,2023-06-16,微博视频号,3,1,2,"发展权,人权,西藏人权",,2023-06-16 18:34:40
4913203249156824	,N5xtyCq6I,【中外记者参访西藏尼木#藏香#、#藏纸#制作 感受藏文化独特魅力】在第五届中国西藏旅游文化国际博览会召开之际，国务院新闻办组织中外媒体记者赴西藏采访，路透社、共同社、西班牙埃菲社、意大利安莎社、新加坡《联合早报》和中央广电总台、中国日报等15家媒体的20名记者参加。6月15日，采访团一行前往拉萨市尼木县参访体验西藏传统藏香、藏纸文化。,,"https://wx2.sinaimg.cn/large/73248c37gy1heztqayamcj20pu0hdq7r.jpg,https://wx2.sinaimg.cn/large/73248c37gy1heztqb7gc1j20pu0h778c.jpg,https://wx4.sinaimg.cn/large/73248c37gy1heztqbhh01j20pu0h4te9.jpg,https://wx4.sinaimg.cn/large/73248c37gy1heztqbsd4ij20pu0h7tgb.jpg,https://wx3.sinaimg.cn/large/73248c37gy1heztqc4bkcj20pu0h8gqr.jpg",,,2023-06-16,微博网页版,2,0,1,"藏香,藏纸",,2023-06-16 10:26:40
4912832195595953	,N5nP5ntLj,【#班禅#在西藏昌都强巴林寺礼佛讲经、为信众摸顶赐福】6月12日，全国政协常委、中国佛教协会副会长、中国佛协西藏分会会长班禅额尔德尼·确吉杰布在西藏昌都市强巴林寺礼佛讲经，并为3.6万余名信众摸顶赐福。强巴林寺僧众组成仪仗队、焚香、吹响法号，高举宝伞等，以藏传佛教最高礼仪迎接班禅。　　强巴林寺为藏传佛教格鲁派创始人宗喀巴弟子向森·西绕桑布创建于15世纪，因寺内主供强巴(弥勒)佛而得名。（@中新视频） 西藏在线网的微博视频,,,"https://f.video.weibocdn.com/o0/Y846rJuZlx086fvLhvBC01041200Jajz0E010.mp4?label=mp4_720p&template=1280x720.25.0&ori=0&ps=1BThihd3VLAY5R&Expires=1687171215&ssig=VSWg06q49Z&KID=unistore,video",,2023-06-15,微博视频号,5,0,1,班禅,中新视频,2023-06-15 09:52:14
4912189947251610	,N577cuqts,【西藏启动“文化和自然遗产日”系列活动】2023年西藏自治区“文化和自然遗产日”主场活动启动仪式暨宣传咨询活动10日在拉萨罗布林卡举行。启动仪式上，藏戏、堆谐、乐歌舞等非遗歌舞相继展演，展现了浓厚的西藏民族风情和文化特色。 西藏在线网的微博视频 ,,,"https://f.video.weibocdn.com/o0/bHVYIqnFlx086cGv8JMI01041200r0xx0E010.mp4?label=mp4_720p&template=1280x720.25.0&ori=0&ps=1CwnkDw1GXwCQx&Expires=1687171213&ssig=239fi5kk1J&KID=unistore,video",,2023-06-13,微博视频号,2,0,1,,,2023-06-13 15:20:10
4912175560528863	,N56K02dA3,【闻“香”识西藏：藏香氤氲中的匠心传承】西藏尼木县吞巴镇吞达村是藏香的发源地，有近1300多年的历史。#藏香#制作过程繁复，匠人需先用水磨将主要原料柏木碾成木浆，再将木浆晾晒制成香砖。随后，把香砖揉碎，并加水制成香泥，按严格的比例配方加入藏红花、麝香、檀香等数十种香料、药材，塞入牛角挤压成条，晾干后才成藏香。#西藏非遗# （新华网）,,"https://wx4.sinaimg.cn/large/73248c37gy1hewcxzrtlyj20sg0j6k9o.jpg,https://wx3.sinaimg.cn/large/73248c37gy1hewcy08qywj20sg0iz7ef.jpg,https://wx2.sinaimg.cn/large/73248c37gy1hewcy15iwaj20sg0izqn9.jpg,https://wx1.sinaimg.cn/large/73248c37gy1hewcy1nrzsj20sg0izgwu.jpg,https://wx1.sinaimg.cn/large/73248c37gy1hewcy27ty2j20my0sfwry.jpg,https://wx3.sinaimg.cn/large/73248c37gy1hewcy2ol4ej20sg0izn7h.jpg,https://wx1.sinaimg.cn/large/73248c37gy1hewcy391qfj20sf0ki4cr.jpg,https://wx4.sinaimg.cn/large/73248c37gy1hewcy401y4j20sg0izh5b.jpg",,,2023-06-13,微博网页版,1,1,1,"藏香,西藏非遗",,2023-06-13 14:23:00
4912117506905379	,N55emsYp5,【#漫评# | 小鬼当差】6月12日是“世界无童工日”。#国际劳工组织#当天在瑞士日内瓦举行高级别会议，呼吁国际社会采取行动消除童工现象。国际劳工组织总干事洪博当天发表视频讲话说，目前全球#童工#人数达1.6亿，几乎占全球儿童总数的十分之一。更糟糕的是，这些童工中的一半人处于危险的劳动形式，这对他们的身心健康构成真正的威胁。“我们必须通过支持更广泛的社会正义来加强打击童工现象”。#漫画# （@中国人权网 ）,,https://wx1.sinaimg.cn/large/73248c37gy1hewdhmzxk5j20j61feh0b.jpg,,,2023-06-13,微博网页版,0,0,1,"漫评,国际劳工组织,童工,漫画",中国人权网,2023-06-13 10:32:19
4911814934533071	,N4Xmlj1g3,【#藏陶#：定格泥土的拙朴物语】牛古沟陶器制作工艺是自治区级非物质文化遗产，也是谢通门县的特色民族手工业产品。#牛古沟陶器#，到底“牛”在哪呢？除了具有悠久历史之外，做工细致，造型大方美观，被广泛应用，而且所取的陶土含有丰富的金属矿物质。它们不仅是紧贴生产生活的实用品，更是延续传承技法的工艺品，每一块款款精美的陶器都体现着高原人民独特的审美和精湛的手工技艺。#西藏非遗# 西藏在线网的微博视频,,,"https://f.video.weibocdn.com/o0/d1uEmvg4lx086aLbRhJe01041200piOo0E010.mp4?label=mp4_ld&template=640x360.25.0&ori=0&ps=1BThihd3VLAY5R&Expires=1687171226&ssig=Z8nhhgoh7x&KID=unistore,video",,2023-06-12,微博视频号,0,0,0,"藏陶,牛古沟陶器,西藏非遗",,2023-06-12 14:30:00
4911750527058467	,N4VGstCef,【罗布次旦：一把扎念琴 弹响致富曲】#扎念琴#，又名六弦琴，是藏族传统歌舞“堆谐”中最常用的弹拨乐器。扎念，藏语意为“悦耳动听之声”。在西藏，扎念琴深受广大群众喜爱。　　罗布次旦是西藏隆子县娘嘎扎念琴制作技艺传承人。“我在父亲的指导下，从小接触到了扎念琴制作技艺，2010年开始培养徒弟，目前培养徒弟4人，都能熟练掌握扎念琴制作技艺。”罗布次旦说，“我希望这一非遗技艺能继续传承下去，并带动更多周边群众致富。”#西藏非遗#网页链接,,"https://wx2.sinaimg.cn/large/73248c37gy1hev7ou32e7j20ou0gkau5.jpg,https://wx2.sinaimg.cn/large/73248c37gy1hev7oupne3j20ou0gktth.jpg,https://wx4.sinaimg.cn/large/73248c37gy1hev7ovbtfuj20ou0gk4g7.jpg,https://wx4.sinaimg.cn/large/73248c37gy1hev7ow0jbsj20ou0gkqop.jpg,https://wx3.sinaimg.cn/large/73248c37gy1hev7owouiuj20ou0gktqw.jpg,https://wx3.sinaimg.cn/large/73248c37gy1hev7oxcxx2j20ou0gk1bu.jpg,https://wx1.sinaimg.cn/large/73248c37gy1hev7oy2mgmj20ou0gkqp1.jpg,https://wx3.sinaimg.cn/large/73248c37gy1hev7oyfex2j20fd0a9q8p.jpg,https://wx3.sinaimg.cn/large/73248c37gy1hev7oz3e05j20ov0gkat8.jpg,https://wx2.sinaimg.cn/large/73248c37gy1hev7p024e3j20ou0gk7ke.jpg",,,2023-06-12,微博网页版,0,0,0,"扎念琴,西藏非遗",,2023-06-12 10:14:04
4910751677944645	,N4vHpxkLr,【带你走进珠峰脚下的小学】扎西宗乡完全小学是距离珠峰最近的小学，离珠峰只有40多公里，通过国家中小学智慧教育平台，学生们也能享受一线城市的教学资源。图为学生们正在上科学课、计算机课。 ,,"https://wx3.sinaimg.cn/large/73248c37gy1herrixihs8j20p00g3gs0.jpg,https://wx4.sinaimg.cn/large/73248c37gy1herrixwhjej20p00fpn12.jpg,https://wx3.sinaimg.cn/large/73248c37gy1herriy9523j20oz0gn406.jpg,https://wx2.sinaimg.cn/large/73248c37gy1herriyh837j20p00go778.jpg,https://wx1.sinaimg.cn/large/73248c37gy1herriyrc4gj20p00en76s.jpg,https://wx3.sinaimg.cn/large/73248c37gy1herrizhvo8j20p00gc77f.jpg,https://wx2.sinaimg.cn/large/73248c37gy1herrizrdhoj20p00go760.jpg,https://wx3.sinaimg.cn/large/73248c37gy1herrj06nx5j20p00gdn1z.jpg,https://wx3.sinaimg.cn/large/73248c37gy1herrj0krd4j20p00g3gs0.jpg",,,2023-06-09,微博网页版,2,0,0,,,2023-06-09 16:05:00
4910735823474169	,N4vhQezMZ,【带你走进珠峰脚下的小学】扎西宗乡完全小学是距离珠峰最近的小学，离珠峰只有40多公里。课余时间，这里的孩子们会在人工草坪足球场和室内体育馆进行体育锻炼和活动。 ,,"https://wx2.sinaimg.cn/large/73248c37gy1herr9rornsj20p00gok2n.jpg,https://wx4.sinaimg.cn/large/73248c37gy1herr9s895hj20iy0sftkq.jpg,https://wx1.sinaimg.cn/large/73248c37gy1herr9spzexj20p00il49n.jpg,https://wx4.sinaimg.cn/large/73248c37gy1herr9t2c37j20p00fg0y6.jpg,https://wx2.sinaimg.cn/large/73248c37gy1herr9teckvj20p00bjjyg.jpg,https://wx4.sinaimg.cn/large/73248c37gy1herr9tr3hmj20p00g8gqw.jpg,https://wx3.sinaimg.cn/large/73248c37gy1herr9tz5toj20ir0sgtau.jpg,https://wx2.sinaimg.cn/large/73248c37gy1herr9u611bj20p00eoad8.jpg,https://wx4.sinaimg.cn/large/73248c37gy1herr9ue9c1j20p00gdadx.jpg",,,2023-06-09,微博网页版,2,0,0,,,2023-06-09 15:02:00
4910690776649821	,N4u7brTVb,【班禅额尔德尼·确吉杰布在甘孜州参观学习并开展佛事活动】5月29日至6月5日，全国政协常委、中国佛教协会副会长、中国佛教协会西藏分会会长#班禅额尔德尼·确吉杰布#先后在四川甘孜藏族自治州得荣、乡城、稻城、理塘、巴塘、白玉、德格等地考察调研，并开展佛事活动。网页链接 ,,"https://wx3.sinaimg.cn/large/73248c37gy1herrn0j5s3j20u00k0dqu.jpg,https://wx1.sinaimg.cn/large/73248c37gy1herrn117btj20u00k0n9x.jpg,https://wx2.sinaimg.cn/large/73248c37gy1herrn1klrej20u00k0tkj.jpg",,,2023-06-09,微博网页版,6,0,2,班禅额尔德尼·确吉杰布,,2023-06-09 12:03:00
4910665465073327	,N4tsmlhNR,【带你走进珠峰脚下的小学】扎西宗乡完全小学是距离珠峰最近的小学，离珠峰只有40多公里，但这里现代化的教学设备一应俱全，学校设置了信息技术、美术、广播、体育、舞蹈、手工等兴趣班。以下照片是孩子们正在上美术课。#珠峰脚下的小学# ,,"https://wx3.sinaimg.cn/large/73248c37gy1herqzy25foj20p00godoy.jpg,https://wx1.sinaimg.cn/large/73248c37gy1herqzyjomcj20p00goqgk.jpg,https://wx2.sinaimg.cn/large/73248c37gy1herqzysoalj20p00gotas.jpg,https://wx4.sinaimg.cn/large/73248c37gy1herqzz0bkgj20jk0sfjsz.jpg,https://wx1.sinaimg.cn/large/73248c37gy1herqzz7xq9j20p00go41t.jpg",,,2023-06-09,微博网页版,1,0,1,珠峰脚下的小学,,2023-06-09 10:22:25
4910389542521693	,N4mhkaA0t,【Z世代视频博主们眼中的西藏】青藏高原被誉为“世界屋脊”。中国西南部的西藏自治区不仅有令人惊叹的景色，还有西藏人民的虔诚和魅力。视频博主子芸和大柯记录了她们在该地区旅行的经历。她们的短视频从整体的角度展示了西藏的风景、当地人的生活、交通系统和医疗。（CGTN） 西藏在线网的微博视频 ,,,"https://f.video.weibocdn.com/o0/DAscFsyOlx08639QPpLG01041201sWxF0E010.mp4?label=mp4_720p&template=1280x720.25.0&ori=0&ps=1CwnkDw1GXwCQx&Expires=1687171226&ssig=cRLqTCIgyZ&KID=unistore,video",,2023-06-08,微博视频号,3,0,0,,,2023-06-08 16:06:00
4910383855307620	,N4m89mgKM,【又到每年高考时】6月7日，西藏全区共有3.3万名考生参加2023年全国普通高考。今年全国普通高考在西藏共设10个考区38个考点1157个考场。考场内，学子们奋笔疾书、书写芳华。考场外，家长们焦急等待、翘首以盼。#高考加油# ,,"https://wx2.sinaimg.cn/large/73248c37gy1hequtld2c6j20lb0do79m.jpg,https://wx4.sinaimg.cn/large/73248c37gy1hequtlt951j20lb0e8wp4.jpg",,,2023-06-08,微博网页版,3,1,0,高考加油,,2023-06-08 15:43:24
4910364900201264	,N4lDA0Qmc,【#拉林铁路#隧道线路地基下沉 旅客列车停运】6月6日，拉林铁路甲竹至康萨区间岗木拉山隧道线路地基下沉。为确保列车运行安全，铁路部门封锁线路进行全面排查和检修。受此影响，林芝至拉萨间旅客列车暂时停运，已购买停运列车车票的旅客可免费办理退票。同时，为了方便旅客出行，将于6月8日至12日在拉萨至朗县间加开Z9811、Z9812次旅客列车，相关情况请关注 @拉萨火车站 官方微博、车站公告。由此给广大旅客出行带来的不便，敬请谅解！,,https://wx1.sinaimg.cn/large/73248c37gy1heqsq60ovkj20dw09hgmx.jpg,,,2023-06-08,微博网页版,1,0,0,拉林铁路,拉萨火车站,2023-06-08 14:28:05
4910303849219154	,N4k36CGk2,【珠峰脚下的钢琴课】这里是距离珠峰最近的小学——西藏日喀则市定日县扎西宗乡完全小学，离珠峰只有40多公里。四年级三班的旦增吉宗的手指在琴键上跳跃，她在上的钢琴课是该校16个兴趣班之一。为了满足学生们的各种需求，学校设置了信息技术、美术、广播、体育、舞蹈、手工等兴趣班帮助他们全面发展。#西藏人权##西藏教育# （新华网） 西藏在线网的微博视频,,,"https://f.video.weibocdn.com/o0/HIc12eAklx0864nO0tXq01041200RnTC0E010.mp4?label=mp4_ld&template=640x360.25.0&ori=0&ps=1BThihd3VLAY5R&Expires=1687171228&ssig=oOmTfsqrHl&KID=unistore,video",,2023-06-08,微博视频号,2,0,1,"西藏人权,西藏教育",,2023-06-08 10:25:29
4910030425688092	,N4cW6nRJq,【珠峰夕照】巍峨的珠穆朗玛峰屹立于青藏高原，珠峰地区气候复杂，景色瞬息万变。以下图片是世界之巅珠穆朗玛峰脚下在落日时分“日照金山”的壮美场景，一起来欣赏！（新华网） ,,"https://wx4.sinaimg.cn/large/73248c37gy1hepgdyj4wjj20sf0iyk0y.jpg,https://wx3.sinaimg.cn/large/73248c37gy1hepgdyygovj20sf0h045k.jpg,https://wx1.sinaimg.cn/large/73248c37gy1hepgdz7bxvj20sf0iyq5u.jpg,https://wx1.sinaimg.cn/large/73248c37gy1hepgdzjdj8j20sf0jmju9.jpg,https://wx4.sinaimg.cn/large/73248c37gy1hepgdzrrsmj20sf0iyabp.jpg,https://wx3.sinaimg.cn/large/73248c37gy1hepge0f7agj20sf0h9aeq.jpg",,,2023-06-07,微博网页版,1,0,1,,,2023-06-07 16:19:00
4910000730015752	,N4cad0464,【扎西平措和他的西藏夺底钱币博物馆】藏文“维”（音译）意为钱、“巴”（音译）意为印。#西藏夺底钱币博物馆#所在的维巴村，因百年前的原“夺底造币厂”坐落于此而得名。这座民营博物馆，收藏展示了馆长扎西平措收藏多年的钱币和各种私人藏品。#西藏钱币# ,,"https://wx1.sinaimg.cn/large/73248c37gy1hepgq2jsozj20lb0e8jyf.jpg,https://wx1.sinaimg.cn/large/73248c37gy1hepgq2uxmqj20lc09m43p.jpg,https://wx1.sinaimg.cn/large/73248c37gy1hepgq388dyj20lc0e746x.jpg,https://wx3.sinaimg.cn/large/73248c37gy1hepgq3l4amj20lc0e87bn.jpg,https://wx1.sinaimg.cn/large/73248c37gy1hepgq3zo5oj20lc0e8qd0.jpg,https://wx3.sinaimg.cn/large/73248c37gy1hepgq4f9d6j20lc0fzti8.jpg",,,2023-06-07,微博网页版,1,0,1,"西藏夺底钱币博物馆,西藏钱币",,2023-06-07 14:21:00
4909943658121024	,N4aG9y4Eg,从外卖、快递服务到网络辅助教学的多媒体教室……西藏因为5G网络的普及而变得丰富多彩！今天我们来看看藏族姑娘卓玛如何用智能手机玩转日喀则~~#西藏# 西藏在线网的微博视频 ,,,"https://f.video.weibocdn.com/o0/ra9THg13lx0862Nw7gEE01041202Mb1H0E010.mp4?label=mp4_720p&template=1280x720.25.0&ori=0&ps=1CwnkDw1GXwCQx&Expires=1687171227&ssig=OPngtRjaMi&KID=unistore,video",,2023-06-07,微博视频号,0,1,0,西藏,,2023-06-07 10:34:13
4909668541666080	,N43wq6Zqg,【中国科考队再登地球之巅】2023年珠峰地区综合考察研究日前开展，13名中国科考队员成功登顶#珠穆朗玛峰#。在人类首次登顶珠峰70周年之际，中国珠峰科考继2022年之后再次突破8000米以上海拔高度，巍巍珠峰再次见证历史。　　此次综合考察研究，是第二次青藏高原综合科学考察研究的一部分。自4月底以来，来自5支科考分队13支科考小组的170名科考队员，继续聚焦水、生态和人类活动，战高寒、斗风雪，在珠峰地区探索自然，奋勇攀登。,,"https://wx1.sinaimg.cn/large/73248c37gy1heoagb9p6dj20b408pgom.jpg,https://wx2.sinaimg.cn/large/73248c37gy1heoagbj2ioj20b408ewhg.jpg,https://wx3.sinaimg.cn/large/73248c37gy1heoagbw9ykj20b40m9ztk.jpg,https://wx1.sinaimg.cn/large/73248c37gy1heoagc7ac7j20b40e6di6.jpg,https://wx2.sinaimg.cn/large/73248c37gy1heoagce3f7j20b404xwgs.jpg,https://wx1.sinaimg.cn/large/73248c37gy1heoagclwa2j20b402tt9v.jpg,https://wx3.sinaimg.cn/large/73248c37gy1heoagd5v60j20b408cdgx.jpg",,,2023-06-06,微博网页版,3,1,0,珠穆朗玛峰,,2023-06-06 16:21:00
4909652435536826	,N436rnenE,【探访西藏佛学院】一些国家炒作所谓“#西藏人权#”议题，他们声称“藏族文化、民俗得不到保护”“民众缺乏宗教信仰自由”等等，但事实真的如此吗？拉脱维亚籍特约观察员安泽走进西藏，亲眼见证西藏的发展.……（来源：凤凰卫视《近观中国》） 西藏在线网的微博视频 ,,,"https://f.video.weibocdn.com/o0/wxeLrxxqlx085ZUQ1dAY0104120cbdvw0E050.mp4?label=mp4_720p&template=1280x720.25.0&ori=0&ps=1CwnkDw1GXwCQx&Expires=1687171227&ssig=kOdvEpveKp&KID=unistore,video",,2023-06-06,微博视频号,9,3,11,西藏人权,,2023-06-06 15:17:00
4909576325169560	,N417GlGQ0,【西藏“佛月”迎高潮】你知道西藏的“佛月”吗？佛祖释迦牟尼诞生、成佛、涅槃都在藏历四月，因此藏历四月也被称为“佛月”。藏传佛教信众通过#转经#、朝佛、布施 、放生 、吃素等方式行善祈福，并在藏历四月十五迎来活动高潮。本期视频带大家看西藏“萨嘎达瓦”传统宗教活动，赴一场震撼人心的虔诚之旅。磕长头  （@中新视频） 西藏在线网的微博视频,,,"https://f.video.weibocdn.com/o0/uPyhNnQ7lx0861bhiHTq01041201nIL50E010.mp4?label=mp4_720p&template=1280x720.25.0&ori=0&ps=1BThihd3VLAY5R&Expires=1687171228&ssig=Ow%2FRAkvDQ6&KID=unistore,video",,2023-06-06,微博视频号,7,0,0,转经,中新视频,2023-06-06 10:14:33
4909301376221911	,N3TYdq6Bp,【外国观察员探访西藏寄宿制学校，打脸西方媒体造谣言论】藏族孩子们是否被迫参加寄宿制学校？孩子们在课堂中又是否面临“同化教育”？学校的伙食住宿的真实条件到底如何？为了调查西方媒体提出的问题，《近观中国》特约外籍观察员安泽来到西藏拉萨实地考察，弄清事实真相。（@凤凰卫视） 西藏在线网的微博视频,,,"https://f.video.weibocdn.com/o0/ZQIQmLxxlx085ZUH6I8g0104120dwoer0E050.mp4?label=mp4_720p&template=1280x720.25.0&ori=0&ps=1BThihd3VLAY5R&Expires=1687171228&ssig=UaxXGzMA9m&KID=unistore,video",,2023-06-05,微博视频号,44,2,11,,凤凰卫视,2023-06-05 16:02:01
4909286527862915	,N3TAgwZvd,【鸟瞰雅鲁藏布江大峡谷】雅鲁藏布江大峡谷是世界上最深的峡谷，全长约504公里，平均深度2268米，最深处达6009米，平均海拔在3000米以上，是世界第一大峡谷。河流中下游地区生物多样性丰富，被誉为天然植被博物馆和最后的秘密仙境。 西藏在线网的微博视频 ,,,"https://f.video.weibocdn.com/o0/719DaYE5lx085ZFjJCIE01041200SMyX0E010.mp4?label=mp4_720p&template=1280x720.25.0&ori=0&ps=1CwnkDw1GXwCQx&Expires=1687171235&ssig=xMV1oB5sQp&KID=unistore,video",,2023-06-05,微博视频号,5,0,0,,,2023-06-05 15:03:01
4909268408993139	,N3T72BJwD,【西藏“萨嘎达瓦”迎来信众朝拜高峰】藏历四月十五日，是佛祖释迦牟尼成道及涅槃殊胜日。近日，拉萨市中心的“林廓”“八廓”“孜廓”三条转经道上，朝拜的信众比往常增了数倍。西藏佛事萨嘎达瓦月开始进入朝拜高峰，信众通过转经、布施、烧香、放生等形式纪念佛祖。（@中新视频） 西藏在线网的微博视频,,,"https://f.video.weibocdn.com/o0/bDcYDItRlx085ZCMlwus01041201159u0E010.mp4?label=mp4_720p&template=1280x720.25.0&ori=0&ps=1BThihd3VLAY5R&Expires=1687171235&ssig=77XuVNoPAx&KID=unistore,video",,2023-06-05,微博视频号,7,0,4,,中新视频,2023-06-05 13:51:01
4907475964790178	,N38u0k68W,【可可西里藏羚羊进入迁徙产仔高峰期】目前在青海可可西里，雌性藏羚羊迁徙产仔进入了高峰期。藏羚羊是国家一级保护动物。每年5月至7月，来自青海三江源、西藏羌塘、新疆阿尔金山等地的雌性藏羚羊，会陆续迁徙到可可西里腹地卓乃湖产仔。从7月下旬开始、产仔结束后，雌性藏羚羊再携幼仔返回原栖息地。 西藏在线网的微博视频,,,"https://f.video.weibocdn.com/o0/ZDlr65mRlx085RW7mLGo01041202k7TY0E010.mp4?label=mp4_720p&template=1280x720.25.0&ori=0&ps=1BThihd3VLAY5R&Expires=1687171235&ssig=jbZ%2BYb80ap&KID=unistore,video",,2023-05-31,微博视频号,0,0,0,,,2023-05-31 15:08:29
4907465273512658	,N38cLeJNM,【国道之行 从雪山奔向大海|公路边神秘的“巨石阵”】西藏阿里噶尔县扎西岗乡的公路边有着绵延数公里长的“#巨石阵#”：成千上万块石头被摆放成一个又一个一米见方的方格，向远处延伸。这些石头有的比篮球还大，小的拳头大小。这个“巨石阵”是谁摆放的？摆放的目的又是什么？你们知道吗？西藏趣闻 网页链接,,"https://wx1.sinaimg.cn/large/73248c37ly1hehdounxu2j20sf0ib7dj.jpg,https://wx2.sinaimg.cn/large/73248c37ly1hehdouu3zpj20sf0hm10b.jpg,https://wx2.sinaimg.cn/large/73248c37ly1hehdov1gphj20sf0iyk2j.jpg,https://wx2.sinaimg.cn/large/73248c37ly1hehdov9ui6j20sf0iyqge.jpg,https://wx1.sinaimg.cn/large/73248c37ly1hehdovhxv9j20m00sf4ac.jpg,https://wx4.sinaimg.cn/large/73248c37ly1hehdovsoihj20sf0iyne2.jpg,https://wx4.sinaimg.cn/large/73248c37ly1hehdovzb61j20sg0g0jzm.jpg,https://wx2.sinaimg.cn/large/73248c37ly1hehdow4z1yj20sg0gd0zo.jpg,https://wx2.sinaimg.cn/large/73248c37ly1hehdowcerqj20sg0g045w.jpg,https://wx1.sinaimg.cn/large/73248c37ly1hehdowkjglj20sf0imamm.jpg",,,2023-05-31,微博网页版,2,2,1,巨石阵,,2023-05-31 14:26:00
4907407907754187	,N36Iewxdx,【展现高原美食 西藏山南举办首届名厨精英赛】隆子县黑青稞、藏香猪排、桑日县葡萄酒……近日，由西藏自治区山南市官方举办的首届名厨精英赛暨山南味道厨艺大赛顺利举行。来自各酒店、餐饮行业的23名选手同台竞技，用烹、调、炒、煮、蒸的娴熟精湛技能，展现#西藏美食#特点。视频里哪道菜是你的最爱呀？ 西藏在线网的微博视频,,,"https://f.video.weibocdn.com/o0/VrB7MoLslx085RDy4XOg01041200vdFE0E010.mp4?label=mp4_720p&template=1280x720.25.0&ori=0&ps=1BThihd3VLAY5R&Expires=1687171236&ssig=c62aXGUs0z&KID=unistore,video",,2023-05-31,微博视频号,0,1,1,西藏美食,,2023-05-31 10:38:03
4907111693422944	,N2Z0temsM,【《大藏经·甘珠尔》金书复修开笔】西藏甘丹寺藏文《大藏经·甘珠尔》金书，26日在青海省黄南藏族自治州复修、开笔。据介绍，近300年前缮写、供奉于藏传佛教格鲁派六大寺院之一、拉萨三大寺之一的西藏甘丹寺的金书藏文《大藏经》由《丹珠尔》和《甘珠尔》等组成，其中《丹珠尔》保存至今，但《甘珠尔》现已残缺，成为遗憾。#大藏经#,,"https://wx3.sinaimg.cn/large/73248c37ly1heg6qbv7e6j20jg0elae3.jpg,https://wx4.sinaimg.cn/large/73248c37ly1heg6qbyf52j20jg0eltbe.jpg,https://wx1.sinaimg.cn/large/73248c37ly1heg6qc27uxj20jg0elad3.jpg",,,2023-05-30,微博网页版,3,0,1,大藏经,,2023-05-30 15:01:00
4907068408728128	,N2XSEACAg,【国道之行 从雪山奔向大海丨古格落日】黄昏时分，落日余晖，古格王国遗址神秘而宁静。　　阿里·古格王国遗址 ，是国家级重点文物保护单位，曾是西藏地方割据政权古格王朝的中心。现存遗址依山而建，由440余座房屋、870余孔洞窟、58座碉堡、28座佛塔及2条地下暗道等组成，总占地面积18万平方米，相对高差175米。古格王国遗址为研究西藏历史，尤其是藏族古代建筑史提供了重要实物资料。西藏非遗 网页链接,,"https://wx1.sinaimg.cn/large/73248c37ly1heg4mzgpjqj20sf0gcmzj.jpg,https://wx3.sinaimg.cn/large/73248c37ly1heg4mzltsrj20sf0iyq6i.jpg,https://wx1.sinaimg.cn/large/73248c37ly1heg4mzp4lwj20sg0h0tap.jpg,https://wx3.sinaimg.cn/large/73248c37ly1heg4mzwnpkj20sf0iy0w1.jpg,https://wx1.sinaimg.cn/large/73248c37ly1heg4n00mpuj20sf0iy40x.jpg,https://wx3.sinaimg.cn/large/73248c37ly1heg4n042n0j20sf0fz775.jpg,https://wx3.sinaimg.cn/large/73248c37ly1heg4n0jnosj20sf0h6jv8.jpg,https://wx3.sinaimg.cn/large/73248c37ly1heg4n0s2ssj20sg0g0wig.jpg,https://wx4.sinaimg.cn/large/73248c37ly1heg4n0v7jsj20sf0iyacb.jpg,https://wx2.sinaimg.cn/large/73248c37ly1heg4n0zwu9j20sg0iiabu.jpg,https://wx1.sinaimg.cn/large/73248c37ly1heg4n13kpjj20sf0htq5q.jpg,https://wx2.sinaimg.cn/large/73248c37ly1heg4n176pnj20kj0sgtc2.jpg,https://wx4.sinaimg.cn/large/73248c37ly1heg4n1cd2zj20sg0hsjsx.jpg,https://wx1.sinaimg.cn/large/73248c37ly1heg4n1fdsgj20sf0iljsu.jpg",,阿里·古格王国遗址,2023-05-30,微博网页版,1,1,2,,,2023-05-30 12:09:00
4906735707887235	,N2Pe2x5Pt,【创新的藏装】这些漂亮的藏装，来自西藏职业技术学院服装与服饰设计专业2020级毕业生的毕业展演作品~本次展演活动分为传承、相遇、未来三部分，展现藏族传统服装与现代服装设计的相遇与碰撞。#藏装# ,,"https://wx1.sinaimg.cn/large/73248c37gy1hef33jz8v7j20pu0h8dk6.jpg,https://wx4.sinaimg.cn/large/73248c37gy1hef33k88m2j20pu0h7jvx.jpg,https://wx2.sinaimg.cn/large/73248c37gy1hef33ki0d5j20pu0h4dly.jpg,https://wx2.sinaimg.cn/large/73248c37gy1hef33kpx4nj20dw0ku0wj.jpg",,,2023-05-29,微博网页版,6,0,0,藏装,,2023-05-29 14:06:58
4905699644020180	,N2ogYgRPC,【天珠的纹路】藏文化小课堂，快来一起学知识！#天珠##藏族文化##藏装# 西藏在线网的微博视频 ,,,"https://f.video.weibocdn.com/o0/8KPXLyQqlx085K7o5wZa01041200eXAl0E010.mp4?label=mp4_720p&template=1280x720.25.0&ori=0&ps=1CwnkDw1GXwCQx&Expires=1687171237&ssig=22hxcjL6Zw&KID=unistore,video",,2023-05-26,微博视频号,0,0,0,"天珠,藏族文化,藏装",,2023-05-26 17:30:01
4905647910945047	,N2mVx3XQH,【天珠的由来】藏文化小课堂，快来一起学知识！#天珠##藏族文化##藏装# 西藏在线网的微博视频 ,,,"https://f.video.weibocdn.com/o0/J4KN9ClZlx085JTgKi8E01041200teS70E010.mp4?label=mp4_720p&template=1280x720.25.0&ori=0&ps=1CwnkDw1GXwCQx&Expires=1687171237&ssig=mDvu5V7KxD&KID=unistore,video",,2023-05-26,微博视频号,1,1,0,"天珠,藏族文化,藏装",,2023-05-26 14:04:26
4905619800463900	,N2mcc1WGg,发布了头条文章：《凝心聚力 共话新时代新西藏新征程——2023·中国西藏发展论坛侧记》  凝心聚力 共话新时代新西藏新征程——2023·中国西藏发展论坛侧记 ,,,,,2023-05-26,微博 weibo.com,0,0,0,,,2023-05-26 12:12:45
4905615518597492	,N2m5hA4Be,【视频 | 2023·中国西藏发展论坛花絮】色彩斑斓的传统手工编织品、好看时尚的藏式服装、琳琅满目的藏医草药、辉煌庄重的唐卡经书、珍贵装裱的历史文物以及现场泼墨的藏文书法……观看的人们饶有兴趣，有的定格拍照，有的驻足凝思，有的交流询问……一件件作品把人们带进了西藏悠久历史文化的浩瀚海洋中，让人沉醉……#2023·中国西藏发展论坛# 西藏在线网的微博视频,,,"https://f.video.weibocdn.com/o0/QzoeF2Zzlx085JKqD4Io01041201hbiw0E010.mp4?label=mp4_720p&template=1280x720.25.0&ori=0&ps=1BThihd3VLAY5R&Expires=1687171238&ssig=ej8S0AFJnI&KID=unistore,video",,2023-05-26,微博视频号,1,0,0,2023·中国西藏发展论坛,,2023-05-26 11:55:43
4905358303431918	,N2foqeoNw,【西藏高质量发展与人权保障实践给更多国家带来启示】在召开的“2023·中国西藏发展论坛”上，#中央民族大学#外籍专家王诺文表示，西藏音乐舞蹈形式、艺术，既充分保留了藏族文化传统，又创造出了非凡的新意，“我为西藏文艺工作者的辛勤劳动和精美的创新、经典传承而赞叹和欢呼，为他们高兴，也为中华文化感到高兴！”#联合国人权理事会#西藏非遗 网页链接,,"https://wx4.sinaimg.cn/large/73248c37gy1heanap7uc5j20u00k0tk8.jpg,https://wx3.sinaimg.cn/large/73248c37gy1heanaprg7jj20u00k0n93.jpg,https://wx4.sinaimg.cn/large/73248c37gy1heanaqdonxj20u00k0dtv.jpg,https://wx3.sinaimg.cn/large/73248c37gy1heanaqyu78j20u00k0wrh.jpg,https://wx4.sinaimg.cn/large/73248c37gy1heanaret78j20u00k0gwo.jpg,https://wx3.sinaimg.cn/large/73248c37gy1heanas2ynuj20u00k0184.jpg,https://wx1.sinaimg.cn/large/73248c37gy1heanasr7buj20u00k0dyu.jpg,https://wx4.sinaimg.cn/large/73248c37gy1heanatl4swj20u00k04im.jpg,https://wx3.sinaimg.cn/large/73248c37gy1heanaufozzj20u00jz7sh.jpg",,,2023-05-25,微博网页版,0,1,0,"中央民族大学,联合国人权理事会",,2023-05-25 18:53:39
4905327721451992	,N2eB665Je,返乡创业青年旦增称来：藏毯上的“致富经”。 西藏在线网的微博视频 ,,,"https://f.video.weibocdn.com/o0/Yz0EpYLwlx085ItTy7Pi01041200ro8c0E010.mp4?label=mp4_720p&template=1280x720.25.0&ori=0&ps=1CwnkDw1GXwCQx&Expires=1687171237&ssig=m3vf3IdFqE&KID=unistore,video",,2023-05-25,微博视频号,2,0,0,,,2023-05-25 16:52:08
4905303583493841	,N2dYaeEUh,发布了头条文章：《西藏高质量发展与人权保障实践给更多国家带来启示》  西藏高质量发展与人权保障实践给更多国家带来启示 ,,,,,2023-05-25,微博 weibo.com,0,0,0,,,2023-05-25 15:16:13
4905300492552112	,N2dTbaHV6,嘎松曲珍：凝聚合力 共建社区美好家园。 西藏在线网的微博视频 ,,,"https://f.video.weibocdn.com/o0/ZNITNmIalx085ImsQbZK01041200cBT90E010.mp4?label=mp4_720p&template=1280x720.25.0&ori=0&ps=1CwnkDw1GXwCQx&Expires=1687171237&ssig=QyHvpNh9VL&KID=unistore,video",,2023-05-25,微博视频号,0,0,1,,,2023-05-25 15:03:56
4905300036161142	,N2dSrpQNg,米玛：加大人才培养，推动藏医药蓬勃发展。 西藏在线网的微博视频 ,,,"https://f.video.weibocdn.com/o0/e4Qtp5INlx085Iml64ms01041200epoh0E010.mp4?label=mp4_720p&template=1280x720.25.0&ori=0&ps=1CwnkDw1GXwCQx&Expires=1687171238&ssig=26%2FKSrfyPD&KID=unistore,video",,2023-05-25,微博视频号,5,0,1,,,2023-05-25 15:02:07
4904968903462409	,N25gmewJj,【中国西藏发展论坛场外气氛热 “藏式迎宾”、影展吸引目光】　5月23日，“2023·中国西藏发展论坛”在北京举行。会场外，活泼独特的藏式迎宾舞蹈、展示西藏人文自然风貌的图片，已在论坛开幕前预热起探讨西藏新发展的氛围。#2023·中国西藏发展论坛# 网页链接 ,,"https://wx4.sinaimg.cn/large/73248c37ly1he9kzpov8aj20pu0h77ar.jpg,https://wx1.sinaimg.cn/large/73248c37ly1he9kzptq9vj20pu0h7te4.jpg,https://wx2.sinaimg.cn/large/73248c37ly1he9kzq2gghj20pu0h8n34.jpg,https://wx1.sinaimg.cn/large/73248c37ly1he9kzq7vggj20pu0h80yo.jpg,https://wx3.sinaimg.cn/large/73248c37ly1he9kzqcgw7j20pu0h7q8e.jpg,https://wx4.sinaimg.cn/large/73248c37ly1he9kzqh6v0j20pu0h7gql.jpg",,,2023-05-24,微博网页版,1,0,0,2023·中国西藏发展论坛,,2023-05-24 17:06:19
4904967507018345	,N25e6trN7,【#柯马凯#谈西藏见闻：从三四天的路程到现在一个小时 发展简直太快了】5月23日，“2023·中国西藏发展论坛”在北京举行，来自36个国家和地区的150多名中外嘉宾，围绕“新时代、新西藏、新征程——西藏高质量发展与人权保障的新篇章”主题，广泛交流，深入探讨。北京京西学校联合创办人柯马凯(Michael Crook)说，自己的外祖父90多年前去过西藏的一个小村庄，彼时只有“茶马古道”，根本就不通车，有马才可以通过。如今发展太快了，特别是近70年，当地修起了高架桥，从以前需要三四天的行程，到三四个小时，到如今一个小时，当地的发展成果令人惊叹。#2023·中国西藏发展论坛# 西藏在线网的微博视频,,,"https://f.video.weibocdn.com/o0/i81Yz2zBlx085GTB2Jpu01041200kRy90E010.mp4?label=mp4_720p&template=1280x720.25.0&ori=0&ps=1BThihd3VLAY5R&Expires=1687171239&ssig=Q8nPfCspqC&KID=unistore,video",,2023-05-24,微博视频号,3,2,2,"柯马凯,2023·中国西藏发展论坛",,2023-05-24 17:00:45
4904967129007455	,N25duBNfx,【英国籍访客柯马凯“点赞”少儿藏戏】2023·中国西藏发展论坛中外嘉宾近日在西藏参访，北京京西学校联合创办人、英国籍访客#柯马凯#(Michael Crook)在罗布林卡观看藏戏表演后专为藏戏小演员“点赞”，直言表演让自己“心花怒放”。年过七旬的柯马凯上世纪70年代在英国伦敦大学攻读物理专业。家里几代人都做教书育人工作，自己随后也教了40多年书，从小学到研究生，甚至老年大学都教过。他最关心的事就是教育。作为教师，看到西藏的孩子们将藏族传统文化活生生的体现，柯马凯说，“看到孩子高兴，我就高兴”。(中新网）#赴藏参访# 西藏在线网的微博视频,,,"https://f.video.weibocdn.com/o0/epf2XOcZlx085GTuEP9601041200yPUw0E010.mp4?label=mp4_720p&template=1280x720.25.0&ori=0&ps=1BThihd3VLAY5R&Expires=1687171240&ssig=ZZ4Rbb%2FUlu&KID=unistore,video",,2023-05-24,微博视频号,1,0,0,"柯马凯,赴藏参访",,2023-05-24 16:59:16
4904966994790004	,N25dhk668,【外籍嘉宾眼中的西藏发展故事】5月23日，“2023·中国西藏发展论坛”在北京举行，来自36个国家和地区的150多名中外嘉宾，围绕“新时代、新西藏、新征程——西藏高质量发展与人权保障的新篇章”主题，广泛交流，深入探讨。与会专家认为，经过70多年特别是新时代以来的快速发展，一个政治安定、社会稳定、经济发展、民族团结、宗教和睦、边防巩固、人民安居乐业的新西藏呈现在世人面前。（@中新视频）#2023·中国西藏发展论坛# 西藏在线网的微博视频,,,"https://f.video.weibocdn.com/o0/YY6AMaFNlx085GTs6yMo01041204XOwQ0E020.mp4?label=mp4_720p&template=1280x720.25.0&ori=0&ps=1BThihd3VLAY5R&Expires=1687171240&ssig=owWW%2BdrEgr&KID=unistore,video",,2023-05-24,微博视频号,0,0,0,2023·中国西藏发展论坛,中新视频,2023-05-24 16:58:44
4904733331162401	,N1Z8p4Sop,【习近平向“2023·中国西藏发展论坛”致贺信】5月23日，国家主席习近平向“2023·中国西藏发展论坛”致贺信。　　习近平指出，人民幸福是最大的人权，发展是实现人民幸福的关键。中共十八大以来，在中央政府和全国人民大力支持下，西藏各族干部群众艰苦奋斗、顽强拼搏，让西藏彻底摆脱了束缚千百年的绝对贫困问题，与全国一道全面建成小康社会，呈现出生机勃勃的繁荣景象。　　习近平强调，在推进中国式现代化的新征程上，希望西藏完整、准确、全面贯彻新发展理念，加快推进高质量发展，努力建设团结富裕文明和谐美丽的社会主义现代化新西藏，让人民过上更加幸福美好的生活。　　“2023·中国西藏发展论坛”由国务院新闻办公室与西藏自治区人民政府共同主办，主题为“新时代、新西藏、新征程——西藏高质量发展与人权保障的新篇章”，23日在北京开幕。（新华网 央视网）网页链接 #2023·中国西藏发展论坛# 西藏在线网的微博视频,,,"https://f.video.weibocdn.com/o0/8YlWsBbZlx085FRH4rHq01041200ey150E010.mp4?label=mp4_720p&template=1280x720.25.0&ori=0&ps=1BThihd3VLAY5R&Expires=1687171240&ssig=DEvipbD17J&KID=unistore,video",,2023-05-24,微博视频号,3,2,1,2023·中国西藏发展论坛,,2023-05-24 01:30:14
4904528761587905	,N1TOs6F5n,#2023·中国西藏发展论坛#今天在北京会议中心开幕，诚邀您的关注，一起聚焦西藏高质量发展与人权保障！#人权# ,,https://wx1.sinaimg.cn/large/73248c37gy1he8464vd4ij20u01hctts.jpg,,,2023-05-23,微博网页版,3,0,2,"2023·中国西藏发展论坛,人权",,2023-05-23 11:57:21
4904508658551539	,N1Ti1zSE3,【2023·中国西藏发展论坛今天开幕！】2023·中国西藏发展论坛将于今日5月23日下午在#北京会议中心#召开，为方便大家了解此次论坛信息，西藏在线网推出了H5 | 2023·中国西藏发展论坛预告篇，快来一起看看吧！#2023·中国西藏发展论坛# ,,https://wx1.sinaimg.cn/large/73248c37gy1he844u9g83j20860860tw.jpg,,,2023-05-23,微博网页版,1,1,0,"北京会议中心,2023·中国西藏发展论坛",,2023-05-23 10:37:28
4904507849573078	,N1TgIEaou,【《#高原之上#》 第5集 绿水青山】王军强来自于中信银行大连分行，2019年，他作为中央单位第九批援藏干部来到西藏那曲申扎县，任申扎县常务副县长。援藏结束前，他专门走访多家汽车厂，设计定做了10辆牵引式牧居车，新式放牧房车既能改善牧居生活，又能保护草场生态环境，是专门为当地牧民定制的，王军强把它叫作绿色牧居车。2022年5月8日早晨8点，王军强和工作团队驱车前往申扎县巴扎乡工作，一场突如其来的大雾隐匿了高原沙砾中的车辙，行进中的车辆瞬间失去方向，坠下悬崖，王军强最终把自己永远地留在了西藏。纪录片  (央视网） 西藏在线网的微博视频,,,"https://f.video.weibocdn.com/o0/UiEP2FlOlx085ES82k4U0104120sJzro0E0b0.mp4?label=mp4_720p&template=1280x720.25.0&ori=0&ps=1BThihd3VLAY5R&Expires=1687171241&ssig=biBoPDeh50&KID=unistore,video",,2023-05-23,微博视频号,2,0,3,高原之上,,2023-05-23 10:34:14
4904213127629300	,N1LBmw0Je,【中外嘉宾游西藏羊湖 初夏风光美如画】5月21日，尼泊尔、缅甸、菲律宾、莫桑比克、斐济、委内瑞拉、印度尼西亚、孟加拉国等多国驻华大使、公使以及中外嘉宾一行前往羊卓雍措(以下简称“羊湖”)参观游览。羊湖是西藏三大圣湖之一，五月的羊湖湖面平静，如绿松石般镶嵌在群山中，这里不仅是旅游景区，同时也是国家级重点生态功能保护区和黑颈鹤重要的栖息地。中外嘉宾排队与牦牛“模特”合影，在民族特色工艺品摊位前挑选心仪纪念品，漫步湖边饱览初夏风光。#2023·中国西藏发展论坛# （@中新视频） 西藏在线网的微博视频,,,"https://f.video.weibocdn.com/o0/V1jiW648lx085DzJKt2o01041200vHlG0E010.mp4?label=mp4_720p&template=1280x720.25.0&ori=0&ps=1BThihd3VLAY5R&Expires=1687171241&ssig=i9j8jTZUvG&KID=unistore,video",,2023-05-22,微博视频号,9,1,3,2023·中国西藏发展论坛,中新视频,2023-05-22 15:03:08
4904198677728678	,N1Le3wqA6,【《高原之上》 第4集 使命荣光】近年来，一批批充满热血的援藏队伍，齐聚雪域高原，他们构建珠穆朗玛峰脚下的民宿、聆听布达拉宫脉搏的跳动、奏响林芝桃花节日的欢唱……产业援藏成果显著，真正实现西藏经济自我“造血”的荣光使命。纪录片#纪录片《高原之上》# 西藏在线网的微博视频 ,,,"https://f.video.weibocdn.com/o0/QF72nYShlx085DvLpvHG0104120v1cAI0E0b0.mp4?label=mp4_720p&template=1280x720.25.0&ori=0&ps=1CwnkDw1GXwCQx&Expires=1687171241&ssig=wwcnYoN9bw&KID=unistore,video",,2023-05-22,微博视频号,2,1,0,纪录片《高原之上》,,2023-05-22 14:05:43
4904151445930812	,N1JZSoSSg,【赴藏参访行程见闻：认真的孩子最美丽！】多国驻华大使及外籍人士、媒体记者等组成的参访团队近日走访了林芝市第二小学。林芝市第二小学学校实施五育并举，促进多元发展，突出美育功能，提升综合素养。小社团，展才能，强健学生体魄，教会学生体验审美，发展学生个性特长，是学校体育、美育教育的目标。这里的孩子们不管是学习、手工还是运动，都特别认真。#2023·中国西藏发展论坛##赴藏参访#,,"https://wx3.sinaimg.cn/large/73248c37gy1he6z0k0ok0j20u0140duf.jpg,https://wx3.sinaimg.cn/large/73248c37gy1he6z0kdpv4j20u0140to1.jpg,https://wx4.sinaimg.cn/large/73248c37gy1he6z0knlgqj20u0140alg.jpg,https://wx1.sinaimg.cn/large/73248c37gy1he6z0l0i1gj20u0140qf6.jpg,https://wx2.sinaimg.cn/large/73248c37gy1he6z0lcxhvj20u01407k2.jpg,https://wx4.sinaimg.cn/large/73248c37gy1he6z0ls1ekj20u0140k8g.jpg,https://wx2.sinaimg.cn/large/73248c37gy1he6z0m4j6hj21400u0wsj.jpg,https://wx2.sinaimg.cn/large/73248c37gy1he6z0mg2nmj20u0140na3.jpg,https://wx4.sinaimg.cn/large/73248c37gy1he6z0ms315j20u0140k4h.jpg",,,2023-05-22,微博网页版,3,0,0,"2023·中国西藏发展论坛,赴藏参访",,2023-05-22 10:58:02
4904148224444818	,N1JUGiEiC,【赴藏参访行程见闻：拉萨北京实验学校】多国驻华大使及外籍人士、媒体记者等组成的参访团队近日参观了拉萨北京实验学校。这是一所对口援建中学，涵盖初高中，各种硬件设施完善，并建有生物、物理、化学实验室。由于西藏地域辽阔，大部分的孩子都选择了读寄宿，在这里孩子们读书不仅学费住宿费全免，还有专门的生活老师照顾起居。学习和生活得到了很好的保障。#2023·中国西藏发展论坛##赴藏参访##西藏教育#,,"https://wx4.sinaimg.cn/large/73248c37gy1he6yp21z9sj21400u0h0w.jpg,https://wx4.sinaimg.cn/large/73248c37gy1he6yp2ggdzj21400u04dz.jpg,https://wx3.sinaimg.cn/large/73248c37gy1he6yp2v8faj21400u07i3.jpg,https://wx3.sinaimg.cn/large/73248c37gy1he6yp3avrkj21400u0drv.jpg,https://wx3.sinaimg.cn/large/73248c37gy1he6yp3pfmpj20u0140k4v.jpg,https://wx4.sinaimg.cn/large/73248c37gy1he6yp44izdj21400u0qk4.jpg,https://wx1.sinaimg.cn/large/73248c37gy1he6yp54mmfj20u0140tks.jpg,https://wx3.sinaimg.cn/large/73248c37gy1he6yp5hsxsj21400u0ao9.jpg,https://wx4.sinaimg.cn/large/73248c37gy1he6yp5xgd3j20u0140wuv.jpg",,,2023-05-22,微博网页版,4,0,0,"2023·中国西藏发展论坛,赴藏参访,西藏教育",,2023-05-22 10:45:14
4904138887923349	,N1JFCxfdX,【赴藏参访行程见闻：参观布达拉宫和大昭寺】“2023·中国西藏发展论坛”中外嘉宾参访团一行近日前往拉萨布达拉宫、大昭寺参观，了解西藏历史文化，感受西藏佛教文化的独特魅力。 #2023·中国西藏发展论坛# ,,"https://wx3.sinaimg.cn/large/73248c37gy1he6xf02hlbj21400u0gzc.jpg,https://wx4.sinaimg.cn/large/73248c37gy1he6xf0h2afj21400u0wug.jpg,https://wx1.sinaimg.cn/large/73248c37gy1he6xf0rre7j21400u0wne.jpg,https://wx2.sinaimg.cn/large/73248c37gy1he6xf15etsj20u0140are.jpg,https://wx3.sinaimg.cn/large/73248c37gy1he6xf1fnraj21400u0k2u.jpg,https://wx4.sinaimg.cn/large/73248c37gy1he6xf1u79wj20u0140k9x.jpg,https://wx2.sinaimg.cn/large/73248c37gy1he6xf2ay4zj20u0140qou.jpg,https://wx4.sinaimg.cn/large/73248c37gy1he6xf2o7ofj21400u0h1u.jpg,https://wx2.sinaimg.cn/large/73248c37gy1he6xf2ympyj20u014047j.jpg",,,2023-05-22,微博网页版,3,0,0,2023·中国西藏发展论坛,,2023-05-22 10:08:08
4903919787184051	,N1DYeu8TN,【中国西藏发展论坛中外嘉宾赴西藏大学了解藏文古籍保护现状】5月19日，2023年·中国西藏发展论坛中外嘉宾参访团一行前往西藏大学图书馆了解藏文古籍的抢救、保护和整理利用工作。院方着重介绍了馆藏《菩日文献》《大般若波罗蜜多经》等经典文献，对参访团感兴趣的问题进行一一解答。#2023·中国西藏发展论坛#  （@中新视频） 西藏在线网的微博视频,,,"https://f.video.weibocdn.com/o0/xMl7SvZGlx085ChGKx0Q01041200vTUA0E010.mp4?label=mp4_720p&template=1280x720.25.0&ori=0&ps=1BThihd3VLAY5R&Expires=1687171242&ssig=%2FeqdxutBDd&KID=unistore,video",,2023-05-21,微博视频号,3,0,1,2023·中国西藏发展论坛,中新视频,2023-05-21 19:37:30
4903919585858031	,N1DXUozWn,【中国西藏发展论坛中外参访嘉宾在拉萨罗布林卡观藏戏跳锅庄】5月19日，2023年·中国西藏发展论坛中外嘉宾参访团前往拉萨罗布林卡观看藏戏表演、品尝藏式甜点，感受藏族非遗文化魅力。西藏自治区群众艺术馆(西藏自治区非遗保护中心)开设免费少儿藏戏唱腔培训班，一些中小学生利用课余时间来此学习藏戏，他们带来了精彩的藏戏表演，小演员们虽稚嫩但不乏专业性，精彩的表演获得“满堂彩”，参访活动在欢乐的锅庄舞中结束。（@中新视频）#2023·中国西藏发展论坛# 西藏在线网的微博视频,,,"https://f.video.weibocdn.com/o0/zohrh9YIlx085ChDjBeo01041200KmEC0E010.mp4?label=mp4_720p&template=1280x720.25.0&ori=0&ps=1BThihd3VLAY5R&Expires=1687171252&ssig=d4bu%2FmmRdA&KID=unistore,video",,2023-05-21,微博视频号,0,0,0,2023·中国西藏发展论坛,中新视频,2023-05-21 19:36:42
4903775199822012	,N1Ad1Fd9y,【 视频 | #中国西藏发展论坛#历届精彩瞬间】2023·中国西藏发展论坛将于5月23日召开，为方便大家回顾历届论坛信息，西藏在线网推出了视频：中国西藏发展论坛往届精彩回放，快来一起看看吧！#2023·中国西藏发展论坛# 西藏在线网的微博视频 ,,,"https://f.video.weibocdn.com/o0/1jrJ53culx085BEesfig01041200Chxk0E010.mp4?label=mp4_720p&template=1280x720.25.0&ori=0&ps=1CwnkDw1GXwCQx&Expires=1687171251&ssig=xtfnlq0kL%2F&KID=unistore,video",,2023-05-21,微博视频号,1,0,0,"中国西藏发展论坛,2023·中国西藏发展论坛",,2023-05-21 10:02:57
4903766341455468	,N1zYK66Di,【《#高原之上#》 第3集 润物育人】革吉平均海拔超过4800米，这里面积接近三个北京大小，人口还不足两万，地广人稀路途遥远，每当新学期来临学生返校报到常常要持续一周。韩军峰作为援藏干部，每逢开学都要确保全县每一个适龄少年儿童，全部按时回到学校。他坚持以人民为中心发展教育，办好人民满意的教育，使得农牧区来的孩子通过教育和学习改变人生改变命运。纪录片 西藏在线网的微博视频,,,"https://f.video.weibocdn.com/o0/vqSNrJ2mlx085BBOIyek0104120abGPO0E040.mp4?label=mp4_ld&template=640x360.25.0&ori=0&ps=1BThihd3VLAY5R&Expires=1687171252&ssig=JPQgR5ZbS8&KID=unistore,video",,2023-05-21,微博视频号,1,0,0,高原之上,,2023-05-21 09:27:46
4903505166600970	,N1tburHdg,【林芝二小：多彩的校园生活】林芝市第二小学学校实施五育并举，促进多元发展，突出美育功能，提升综合素养。小社团，展才能，强健学生体魄，教会学生体验审美，发展学生个性特长，是学校体育、美育教育的目标。　　学校除了以节日为契机，举办文艺汇演、才艺大比拼、小主持人大赛、趣味运动会，开展每周一歌、每日一诗活动外，还以足球、定向运动、篮球、扎念琴、朗诵、书法、陶艺、绘画、舞蹈、合唱、口琴、砂纸画等40多个红领巾社团课程为载体，培养学生多元化艺术个性特长，通过社团学习，帮助学生发现潜在能力、挖掘潜在特长，提高学生的艺术素养。（视频来源：人民网） 西藏在线网的微博视频,,,"https://f.video.weibocdn.com/o0/MGaju8DDlx085AsxMqww010412011nax0E010.mp4?label=mp4_720p&template=1280x720.25.0&ori=0&ps=1BThihd3VLAY5R&Expires=1687171252&ssig=LplUCqBHPh&KID=unistore,video",,2023-05-20,微博视频号,4,0,0,,,2023-05-20 16:09:57
4903490268957408	,N1sNsBAek,【王君正严金海会见“2023·中国西藏发展论坛”参访团驻华使节】5月19日，西藏自治区党委书记王君正、自治区主席严金海在拉萨会见了“2023·中国西藏发展论坛”参访团驻华使节一行。王君正代表自治区党委、政府对各位使节来藏参观访问表示热烈欢迎，对大家的关注支持表示感谢。        尼泊尔驻华大使比什努·普卡尔·施雷斯塔代表参访团感谢西藏的热情接待，祝贺西藏在经济社会发展方面取得的成就。他说，此次访问亲眼目睹了西藏在经济社会发展、生态环境保护等方面的重大成就，深切感受到西藏人民生活幸福、各民族和谐相处，参访团每一位成员都进一步加深了对西藏的了解，留下了美好而深刻的印象。网页链接 #2023·中国西藏发展论坛#,,https://wx2.sinaimg.cn/large/73248c37ly1he4uwrzebuj20fa0b4taf.jpg,,,2023-05-20,微博网页版,1,0,0,2023·中国西藏发展论坛,,2023-05-20 15:10:45
4903483600277098	,N1sCI1a5k,【#中国西藏发展论坛#中外参访嘉宾在拉萨#罗布林卡#观藏戏、品卡塞】2023·中国西藏发展论坛中外参访嘉宾19日在拉萨罗布林卡观看#藏戏#，品尝#酥油茶#、#卡塞#(藏式面点)等西藏美食，随后活动现场还跳起了欢快的锅庄舞，不少外籍嘉宾加入其中，感受西藏式的热情。（中新网） ,,"https://wx1.sinaimg.cn/large/73248c37ly1he4udpmh8bj20jg0cyabt.jpg,https://wx1.sinaimg.cn/large/73248c37ly1he4udppci4j20jg0cygnt.jpg,https://wx3.sinaimg.cn/large/73248c37ly1he4udpsxejj20jg0cymyx.jpg,https://wx3.sinaimg.cn/large/73248c37ly1he4udpwor5j20jg0cy0tp.jpg,https://wx2.sinaimg.cn/large/73248c37ly1he4udpzg14j20jg0cymyt.jpg,https://wx1.sinaimg.cn/large/73248c37ly1he4udq3ljpj20jg0cyjtg.jpg",,,2023-05-20,微博网页版,3,0,0,"中国西藏发展论坛,罗布林卡,藏戏,酥油茶,卡塞",,2023-05-20 14:44:15
4903413198883200	,N1qN9BgVq,【《#高原之上#》 第2集 民康岁安】 这里平均海拔超过4000米，氧气含量不足平原的一半。高寒缺氧，特殊的地理，特有的饮食结构和生活习惯，严酷的自然环境时刻考验着这里的生命。有这样一群白衣人，许多年来前赴后继，一代接一代，在雪域高原筑起生命之墙……这都是在西藏正在发生的故事。（央视网）#纪录片##纪录片《高原之上》# 西藏在线网的微博视频,,,"https://f.video.weibocdn.com/o0/Wv1IUJGylx085A3qRyBG01041208E8dK0E040.mp4?label=mp4_ld&template=640x360.25.0&ori=0&ps=1BThihd3VLAY5R&Expires=1687171253&ssig=WkOmk9pEDf&KID=unistore,video",,2023-05-20,微博视频号,3,0,1,"高原之上,纪录片,纪录片《高原之上》",,2023-05-20 10:04:30
4903178330184362	,N1kGl0LXA,【多国驻华大使及外籍人士在西藏小学听扎念琴、体验藏文书法】由尼泊尔、缅甸、菲律宾、莫桑比克、斐济、委内瑞拉、印度尼西亚、孟加拉国、刚果(金)等多国驻华大使、公使，以及外籍专家、学者等组成的团队18日在西藏自治区林芝市第二小学参观访问，现场听孩子们弹奏扎念琴、体验藏文书法等。网页链接,,"https://wx4.sinaimg.cn/large/73248c37gy1he3vc8bn79j20jg0cz7gx.jpg,https://wx3.sinaimg.cn/large/73248c37gy1he3vc8nhawj20jg0czgy9.jpg,https://wx2.sinaimg.cn/large/73248c37gy1he3vc90aj9j20jg0czwpo.jpg,https://wx1.sinaimg.cn/large/73248c37gy1he3vc9e0ttj20jg0czqdf.jpg",,,2023-05-19,微博网页版,4,1,0,,,2023-05-19 18:31:13
4903178028715772	,N1kFQAzmY,【《#高原之上#》 第1集 路通心畅】在通麦路段的易贡藏布江上，不同年代的三座桥依次横亘，默默见证了几代筑路人征服通麦天险的艰难历程，而第四座桥——#通麦铁路大桥#也将会在这里并排建起。阿里联网工程是世界海拔最高的输电线路，阿里联网工程建成投运，西藏最后一片区域并入大电网，至此，青藏、川藏、藏中、阿里四条电力天路如同四条巨龙矗立云端。纪录片  （央视网） #纪录片《高原之上》# 西藏在线网的微博视频,,,"https://f.video.weibocdn.com/o0/6mCkyyEUlx085z1eSRkQ0104120vc3J70E0b0.mp4?label=mp4_720p&template=1280x720.25.0&ori=0&ps=1BThihd3VLAY5R&Expires=1687171253&ssig=zn7BDzI0Wt&KID=unistore,video",,2023-05-19,微博视频号,7,1,7,"高原之上,通麦铁路大桥,纪录片《高原之上》",,2023-05-19 18:30:01
4903159585833733	,N1kc6otCt,西藏宣传片 |《幸福新西藏 发展新画卷》。 西藏在线网的微博视频 ,,,"https://f.video.weibocdn.com/o0/X7l67kSflx085yWeJRbq01041202TAZK0E020.mp4?label=mp4_720p&template=1280x720.25.0&ori=0&ps=1CwnkDw1GXwCQx&Expires=1687171254&ssig=FKgQFwjIXN&KID=unistore,video",,2023-05-19,微博视频号,1,0,0,,,2023-05-19 17:16:44
4903154284759087	,N1k3yjY3t,【在线答题活动，快来PK！】#2023·中国西藏发展论坛#将于下周5月23日召开，这是迄今为止召开的第七届论坛。为方便大家回顾历届论坛信息，西藏在线网制作了论坛答题活动，快来一起参与吧！可以戳链接或者扫描下方二维码哦~~网页链接 ,,https://wx3.sinaimg.cn/large/73248c37gy1he3rw7pf9fj202i02iq2w.jpg,,,2023-05-19,微博网页版,0,0,0,2023·中国西藏发展论坛,,2023-05-19 16:55:40
4903121648877776	,N1jcUBfvW,【林芝小学校里丰富多彩的课外活动】由尼泊尔、缅甸、菲律宾、莫桑比克、斐济、委内瑞拉、印度尼西亚、孟加拉国、刚果(金)等多国驻华大使、公使，以及外籍专家、学者等组成的团队18日在西藏自治区林芝市第二小学参观访问，现场听孩子们弹奏扎念琴、体验藏文书法等。（经济日报） 西藏在线网的微博视频 ,,,"https://f.video.weibocdn.com/o0/Q0I7oC5Olx085yLSZeli010412014uO20E010.mp4?label=mp4_720p&template=1280x720.25.0&ori=0&ps=1CwnkDw1GXwCQx&Expires=1687171254&ssig=w%2FfGggoEF1&KID=unistore,video",,2023-05-19,微博视频号,1,0,0,,,2023-05-19 14:45:58
4903114900246687	,N1j2212aP,林芝小学里五年级的藏语课。 西藏在线网的微博视频 ,,,"https://f.video.weibocdn.com/o0/dOG2WCg3lx085yK2VXlm01041200pq7z0E010.mp4?label=mp4_720p&template=1280x720.25.0&ori=0&ps=1CwnkDw1GXwCQx&Expires=1687171254&ssig=IPxMz38FRJ&KID=unistore,video",,2023-05-19,微博视频号,1,0,0,,,2023-05-19 14:19:10
4903114685812227	,N1j1Goo1B,西藏林芝小学里的英语课。 西藏在线网的微博视频 ,,,"https://f.video.weibocdn.com/o0/YnoLduU6lx085yJZiq0o01041200ppKj0E010.mp4?label=mp4_720p&template=1280x720.25.0&ori=0&ps=1CwnkDw1GXwCQx&Expires=1687171254&ssig=y8zzEUK%2FRV&KID=unistore,video",,2023-05-19,微博视频号,1,0,0,,,2023-05-19 14:18:19
4903110138660419	,N1iUlAkYb,【多国驻华大使及外籍人士乘坐复兴号动车开启拉萨之行】5月18日，由多国驻华大使及外籍人士、媒体记者等组成的参访团队结束了在林芝的参观访问，一行人乘坐高原复兴号动车前往拉萨。复兴号疾驰在高原上，车窗外的风景不断变换吸引大家拍照留念。随着该趟列车驶入拉萨站，站台上逐渐热闹起来，迎接中外嘉宾的不仅有洁白的哈达，还有活灵活现的牦牛舞和古腔古韵的藏戏表演。此后几天，一行人将在拉萨、山南参访，感受西藏民主改革以来取得的发展和进步。（@中新视频）#赴藏参访##外籍人士看西藏##西藏# 西藏在线网的微博视频,,,"https://f.video.weibocdn.com/o0/BuUoQEuolx085yIKleWY01041200vQoq0E010.mp4?label=mp4_720p&template=1280x720.25.0&ori=0&ps=1BThihd3VLAY5R&Expires=1687171254&ssig=sM7NfGdqqW&KID=unistore,video",,2023-05-19,微博视频号,1,0,1,"赴藏参访,外籍人士看西藏,西藏",中新视频,2023-05-19 14:00:15
4902778865193102	,N1ai2lMXI,【多国驻华大使及外籍人士西藏林芝行：体验当地民俗风情】5月16日至18日，由尼泊尔、缅甸、菲律宾、莫桑比克、斐济、委内瑞拉、印度尼西亚、孟加拉国、刚果(金)等多国驻华大使、公使，以及外籍专家、学者等组成的团队在西藏自治区林芝市参观访问，了解高原民俗、文化、生态，以及农牧民生产生活等。#赴藏参访#,,"https://wx1.sinaimg.cn/large/73248c37gy1he2led2p46j21400u049t.jpg,https://wx3.sinaimg.cn/large/73248c37gy1he2ledjtqrj21400u04ej.jpg,https://wx4.sinaimg.cn/large/73248c37gy1he2lee2i8fj21400u0k8b.jpg,https://wx3.sinaimg.cn/large/73248c37gy1he2leo2b1jj20u0140wti.jpg,https://wx2.sinaimg.cn/large/73248c37gy1he2leojzu4j20u0140ws2.jpg,https://wx4.sinaimg.cn/large/73248c37gy1he2lep1n1fj20u0140ton.jpg,https://wx2.sinaimg.cn/large/73248c37gy1he2lephivqj21400u0ncq.jpg,https://wx2.sinaimg.cn/large/73248c37gy1he2lepwwotj20u0140wrm.jpg,https://wx1.sinaimg.cn/large/73248c37gy1he2leqirzij21400u0an8.jpg",,,2023-05-18,微博网页版,3,0,1,赴藏参访,,2023-05-18 16:03:53
4902761702102207	,N19Qm8OSz,【5·18 #国际博物馆日# | 西藏文化博物馆网红书屋等你来打卡！】5月18日，是一年一度的国际博物馆日。在国际博物馆日到来之际，我们来到了北京唯一的西藏主题文化博物馆，带大家一起体验西藏民俗风情，感受藏文化魅力。欢迎大家前来参观！这里还有网红书屋等你来打卡哦~@西藏文化博物馆 西藏在线网的微博视频,,,"https://f.video.weibocdn.com/o0/6GXsRGmnlx085xbFajio01041200HUkH0E010.mp4?label=mp4_720p&template=1280x720.25.0&ori=0&ps=1BThihd3VLAY5R&Expires=1687171255&ssig=%2B8GyV7O6mG&KID=unistore,video",,2023-05-18,微博视频号,1,1,0,国际博物馆日,西藏文化博物馆,2023-05-18 14:55:41
4902420532954376	,N10Y5coze,【#珠峰#脚下：足球氛围正浓】被称为“世界屋脊”的青藏高原，气候寒冷、空气稀薄，但这里的人们对足球十分热爱。近日，在海拔5200米的珠峰大本营，及珠峰脚下的小学里，人们享受着足球的快乐，处处充满着浓浓的足球氛围。足球  #在珠峰脚下踢足球是种什么感受# ,,"https://wx1.sinaimg.cn/large/73248c37gy1he1dvibianj20pj0gzh31.jpg,https://wx2.sinaimg.cn/large/73248c37gy1he1dviph1dj20tp0bx7f1.jpg,https://wx3.sinaimg.cn/large/73248c37gy1he1dvj46pmj20pg0gztkh.jpg,https://wx2.sinaimg.cn/large/73248c37gy1he1dvjjnsrj20pf0gzdsw.jpg,https://wx2.sinaimg.cn/large/73248c37gy1he1dvkb8mkj20pg0gztkk.jpg",,,2023-05-17,微博网页版,2,0,0,"珠峰,在珠峰脚下踢足球是种什么感受",,2023-05-17 16:20:00
4902396617296745	,N10lvuCdr,【首届新时代西藏自治区民间文艺名家新创作品展拉萨开展】“大美在民间·民族团结看西藏——首届新时代西藏自治区民间文艺名家新创作品展”在西藏雪堆白技工学校开展，展期十天，从5月16日至25日向公众开放。据了解，参加此次展览有《消防唐卡组画》《吉祥家园》《四季花》《莲生双体陶》《丰收》《祥云莲花盏酥油灯》等60余件展现中华民族交往交流交融、中华民族共同体意识的新创唐卡作品、新创雕刻作品。,,"https://wx3.sinaimg.cn/large/73248c37gy1he1dh3l2owj20jg0c0jx6.jpg,https://wx2.sinaimg.cn/large/73248c37gy1he1dh3r0f4j20jg0cw75h.jpg,https://wx2.sinaimg.cn/large/73248c37gy1he1dh3x2xaj20jg0d3myx.jpg,https://wx2.sinaimg.cn/large/73248c37gy1he1dh4f17rj20jg0co3zg.jpg,https://wx1.sinaimg.cn/large/73248c37gy1he1dh4o08sj20jg0cqmzg.jpg,https://wx3.sinaimg.cn/large/73248c37gy1he1dh4suggj20jg0cy0tu.jpg,https://wx2.sinaimg.cn/large/73248c37gy1he1dh4zh7oj20jg0d6404.jpg,https://wx2.sinaimg.cn/large/73248c37gy1he1dh55299j20jg0cy0vc.jpg,https://wx2.sinaimg.cn/large/73248c37gy1he1dh5g1ptj20jg0cejsu.jpg",,,2023-05-17,微博网页版,2,0,0,,,2023-05-17 14:44:58
4902041010833469	,N0R5X3uP3,【#第五届藏博会#预告片发布 感受西藏的“心灵之约”】第五届中国西藏旅游文化国际博览会将于2023年6月16-18日在拉萨举办。本届藏博会主题概念片《心约西藏》，用8分钟构建新时代西藏的视觉形象，节目画面唯美、音乐悠扬，紧扣“畅游幸福新西藏•携手开创新征程”的本届藏博会主题，以人物情境、故事化情节，通过壮美自然风光、独特人文景观、多彩风土人情，展现西藏之大美、西藏之纯净、西藏之辽阔、西藏之独一无二，展现西藏和平解放72年来的历史变迁，展现新时代西藏的美丽幸福画卷。#西藏藏博会##心约西藏# 西藏在线网的微博视频,,,"https://f.video.weibocdn.com/o0/TgkEBvEvlx085u0ZwpvG010412054ssD0E020.mp4?label=mp4_720p&template=1716x720.25.0&ori=0&ps=1BThihd3VLAY5R&Expires=1687171256&ssig=kaxpAl6w1F&KID=unistore,video",,2023-05-16,微博视频号,0,0,0,"第五届藏博会,西藏藏博会,心约西藏",,2023-05-16 15:11:55
4902033984848404	,N0QUCkli4,【邀您打卡西藏林芝色季拉山 赏#南迦巴瓦峰#】#色季拉山#，位于西藏林芝市。川藏公路蜿蜒其间，行至垭口，可观赏云海、林海等景色。色季拉山观景台因是观赏南迦巴瓦的最佳观景点之一，吸引着众多游客打卡游玩。西藏旅行 大美西藏 ,,"https://wx4.sinaimg.cn/large/73248c37gy1hdyv2o5kx8j20jg0c5tda.jpg,https://wx3.sinaimg.cn/large/73248c37gy1hdyv2oh8hrj20jg0dg0xk.jpg,https://wx2.sinaimg.cn/large/73248c37gy1hdyv2oqvu6j20jg0dejuo.jpg,https://wx4.sinaimg.cn/large/73248c37gy1hdyv2p41z7j20jg0ecjxl.jpg,https://wx3.sinaimg.cn/large/73248c37gy1hdyv2pg0owj20jg0cnn3f.jpg,https://wx2.sinaimg.cn/large/73248c37gy1hdyv2pqti1j20jg0d3q86.jpg,https://wx4.sinaimg.cn/large/73248c37gy1hdyv2q13atj20jg0dyjvy.jpg,https://wx4.sinaimg.cn/large/73248c37gy1hdyv2qd163j20jg0cyn25.jpg",,,2023-05-16,微博网页版,3,1,0,"南迦巴瓦峰,色季拉山",,2023-05-16 14:44:00
4901695254169163	,N0I6hhuAz,【西藏墨脱：山村茶叶香】西藏林芝市墨脱县因地处喜马拉雅山脉东端南麓、雅鲁藏布江下游，湿润多雾，海拔适中，适合茶叶生长。自2012年建成第一个实验性茶园至今，墨脱县共建有百余个茶园。茶田随着山势起伏，与远处的雅鲁藏布江河谷交相呼应，成为当地民众致富的“金叶子”。 ,,"https://wx4.sinaimg.cn/large/73248c37gy1hdyv8hn18dj20jg0cr11b.jpg,https://wx2.sinaimg.cn/large/73248c37gy1hdyv8htcrvj20jg0ctq5m.jpg,https://wx4.sinaimg.cn/large/73248c37gy1hdyv8hzemnj20jg0d940u.jpg,https://wx3.sinaimg.cn/large/73248c37gy1hdyv8i893fj20jg0cdtah.jpg,https://wx4.sinaimg.cn/large/73248c37gy1hdyv8ig7waj20jg0d5q5q.jpg,https://wx1.sinaimg.cn/large/73248c37gy1hdyv8imdofj20jg0cj769.jpg,https://wx1.sinaimg.cn/large/73248c37gy1hdyv8iul6fj20jg0d50uy.jpg,https://wx1.sinaimg.cn/large/73248c37gy1hdyv8j281wj20jg0cxack.jpg,https://wx1.sinaimg.cn/large/73248c37gy1hdyv8j85ixj20jg0cp411.jpg,https://wx4.sinaimg.cn/large/73248c37gy1hdyv8jedjij20jg0cu77r.jpg",,,2023-05-15,微博网页版,1,0,0,,,2023-05-15 16:18:00
4901661783622366	,N0Heifclg,【#又一名尼泊尔登山向导第26次登顶珠峰#】尼泊尔登山向导巴桑·达瓦·夏尔巴14日第26次从尼泊尔一侧登顶世界最高峰珠穆朗玛峰，追平另一名夏尔巴登山向导去年创造的这一世界纪录。　　尼泊尔旅游局联络官基姆·拉尔·高塔姆对新华社记者说，巴桑于当地时间14日上午9时06分第26次登顶珠峰，从而追平尼泊尔登山向导凯米·瑞塔·夏尔巴去年5月初创造的登顶珠峰纪录。与巴桑一同登顶的还有三名登山者和另外两名向导。　　高塔姆还说，由于凯米也在攀登珠峰，26次登顶的纪录可能不会保持太久。　　巴桑于1998年首次登顶珠峰，此后他多次在一年内两次登顶世界最高峰。　　今年是人类登顶珠峰70周年。据尼泊尔旅游局最新数据，目前已有来自65个国家和地区的467名登山者获得从南坡攀登珠峰的许可证，创下历史新高。#珠峰# #登顶珠峰#,,https://wx3.sinaimg.cn/large/73248c37gy1hdyvomcagzj20hs09yq3g.jpg,,,2023-05-15,微博网页版,1,0,0,"又一名尼泊尔登山向导第26次登顶珠峰,珠峰,登顶珠峰",,2023-05-15 14:05:00
4901630330537778	,N0Gpz2fTQ,【与珠峰共赴星海】5月的#珠峰#，得益于良好的空气质量，夜晚星河灿烂，高原的夜空中谱写着星河的奏鸣曲。近年来，西藏加快推进国家生态文明高地建设，现有11个国家级自然保护区，地级城市空气质量优良天数比率达99%以上，生态环境保持良好。 西藏在线网的微博视频 ,,,"https://f.video.weibocdn.com/o0/K9e8xFpylx085s63SISk01041200dH0V0E010.mp4?label=mp4_ld&template=640x360.25.0&ori=0&ps=1CwnkDw1GXwCQx&Expires=1687171255&ssig=noZlUKe9PY&KID=unistore,video",,2023-05-15,微博视频号,1,1,1,珠峰,,2023-05-15 12:00:01
4900608341180981	,N0fPc4Xe5,【援藏医生出妙招 教你防治高海拔性头痛】提到西藏，你最先想起的是什么？是雄奇壮美的雪山圣湖，随风飞舞的彩色经幡，还是壮丽辉煌的布达拉宫？很多人都说，有生之年一定要去一次西藏，因为西藏拥有极其壮阔的风景和无比虔诚的信仰。但同时又对西藏之旅抱有太多的忐忑和不安，其中#高海拔性头痛#的存在最是让人望而却步。　　高海拔性头痛究竟是什么？它是如何产生的？前往高原地区该如何预防和治疗？拉萨市人民医院神经内分泌科主任、首都医科大学宣武医院援藏医生叶红教你如何防治高海拔性头痛。网页链接 #西藏旅游#,,https://wx2.sinaimg.cn/large/73248c37gy1hdvdii8nd9j20ij0dwabm.jpg,,,2023-05-12,微博网页版,1,1,3,"高海拔性头痛,西藏旅游",,2023-05-12 16:19:00
4900579148827089	,N0f46B2kp,【汉藏双语版·话剧《哈姆雷特》获奖啦】西藏自治区话剧团“汉藏双语版·话剧《#哈姆雷特#》”于5月5日—7日受邀参加上海·静安现代戏剧谷进行了四场演出，这是该剧时隔两年再一次回到上戏实验剧院进行演出，在5月8日晚上海话剧艺术中心隆重举行的2023年上海·静安现代戏剧谷“壹戏剧大赏”颁奖典礼上，该剧荣获了“年度经典复排”剧目称号。（来源：西藏自治区话剧团）#西藏话剧#,,"https://wx3.sinaimg.cn/large/73248c37gy1hdvdnzq72hj20j60j6gn1.jpg,https://wx2.sinaimg.cn/large/73248c37gy1hdvdnzvxacj20j60csjsb.jpg,https://wx2.sinaimg.cn/large/73248c37gy1hdvdo01lguj20j60eejsl.jpg,https://wx2.sinaimg.cn/large/73248c37gy1hdvdo0aln4j20j60cs42w.jpg",,,2023-05-12,微博网页版,0,1,0,"哈姆雷特,西藏话剧",,2023-05-12 14:23:00
4900515379679041	,N0dpfEBXz,#雪莲花盛开的地方# ——新时代#高原奋斗者#系列短视频之《天下第一道班——“两路”精神的传承者》 西藏在线网的微博视频 ,,,"https://f.video.weibocdn.com/o0/WVcFS52Jlx085niFDaqA01041201Yi6Y0E010.mp4?label=mp4_720p&template=1280x720.25.0&ori=0&ps=1CwnkDw1GXwCQx&Expires=1687171255&ssig=yswDCvMUkd&KID=unistore,video",,2023-05-12,微博视频号,1,0,0,"雪莲花盛开的地方,高原奋斗者",,2023-05-12 10:09:36
4900244191450809	,N06lR65q9,"【西藏米林村欢度“望果节”庆丰收】西藏林芝市米林县的初夏，四处绿意盎然，生机勃勃，夏天是温暖的，也是充满希望的。近日，米林县米林村举行了盛大的“望果节”仪式，意为在美丽乡村种下希望，祈求丰收，歌颂美好生活。　　""#望果节#""已有1500多年的历史了。米林县望果节期间，农牧民民众除基本的绕田活动外还会开展丰富多彩的庆祝仪式，歌舞，赛马，响箭，拔河，抱石等活动不仅活跃了节日的氛围，同时也为传统文化的保存起到了积极的意义。大美西藏 西藏在线网的微博视频",,,"https://f.video.weibocdn.com/o0/WIXGTOvMlx085lFxhuBO01041200JSWW0E010.mp4?label=mp4_720p&template=996x560.25.0&ori=0&ps=1BThihd3VLAY5R&Expires=1687171257&ssig=GsUPpzBwhj&KID=unistore,video",,2023-05-11,微博视频号,0,0,0,望果节,,2023-05-11 16:12:00
4900219278591560	,N05HFA33y,【西藏：职业技能大赛展风采】5月10日，以“技无止境·能创未来”为主题的西藏自治区第一届技工（职业）院校职业技能大赛在位于拉萨市的西藏技师学院举办。来自西藏7个地市和4所技工（职业）院校共11个代表团214名学生和职工报名参赛。2022年，西藏自治区新增技能人才7000余人，其中高技能人才800余人。 ,,"https://wx2.sinaimg.cn/large/73248c37gy1hdu71k0sfgj20sf0iitao.jpg,https://wx3.sinaimg.cn/large/73248c37gy1hdu71ksm0jj20sf0i4q5i.jpg,https://wx3.sinaimg.cn/large/73248c37gy1hdu71kzg6hj20sf0itacv.jpg,https://wx1.sinaimg.cn/large/73248c37gy1hdu71l7mtnj20sf0iyq5g.jpg,https://wx3.sinaimg.cn/large/73248c37gy1hdu71lf5xej20sf0i60ve.jpg,https://wx4.sinaimg.cn/large/73248c37gy1hdu71lmmddj20sg0j9di6.jpg",,,2023-05-11,微博网页版,0,0,0,,,2023-05-11 14:33:00
4900145495279634	,N03MFm9to,【喜讯！西藏隆子县被认证为#世界最大黑青稞种植基地#】10日，经#世界纪录认证#（WRCA）官方人员现场审核，西藏隆子县被认证为“世界最大黑青稞种植基地”。据了解，隆子县黑青稞种植总面积为34.4平方千米。2018年开始，隆子县通过开展高标准农田建设，全方位提升耕地质量，增加粮食产量。全县黑青稞每亩单产从2018年的490斤，提升到了2022年的650斤。#世界纪录# 西藏在线网的微博视频,,,"https://f.video.weibocdn.com/o0/lgkxgXgQlx085lFJPNNC01041200kTgL0E010.mp4?label=mp4_ld&template=640x360.25.0&ori=0&ps=1BThihd3VLAY5R&Expires=1687171258&ssig=2ycm1HUPsH&KID=unistore,video",,2023-05-11,微博视频号,1,0,0,"世界最大黑青稞种植基地,世界纪录认证,世界纪录",,2023-05-11 09:39:49
4899874254622664	,MFUbvjoz6,【西藏拉萨“雪堆白”延续古老手工艺】“#雪堆白#”自明代起便是代表西藏地区手工艺最高水平的管办机构，是古老西藏手工艺术成就的最高标志。位于拉萨北郊的西藏雪堆白技工学校，通过产学研等教学方式保护传承民族传统手工艺术。多年来，学校大力开展技工教育扶贫、职业培训扶贫，培养了一大批优秀的藏族传统技艺人才。（@中新视频）西藏非遗 西藏在线网的微博视频,,,"https://f.video.weibocdn.com/o0/LRaExNv5lx085k675aPK01041200rZ400E010.mp4?label=mp4_720p&template=1280x720.25.0&ori=0&ps=1BThihd3VLAY5R&Expires=1687171258&ssig=eNEFieMBge&KID=unistore,video",,2023-05-10,微博视频号,0,0,0,雪堆白,中新视频,2023-05-10 15:42:00
4899849847964083	,MFTy8xpOX,【玉珍拉姆：不服输的姑娘，在雪山上飞翔】“我在性格上是不服输的，如果成绩比别人落后，我有时候甚至会吃不下饭”。今年2月，在西班牙加泰罗尼亚举行的2023#滑雪登山#世锦赛上，19岁的西藏运动员#玉珍拉姆#在女子U20组短距离项目中夺冠，为中国队历史性地摘得滑雪登山世锦赛首枚金牌。 ,,"https://wx2.sinaimg.cn/large/73248c37gy1hdt1tf2kgej20sg0ic0uf.jpg,https://wx4.sinaimg.cn/large/73248c37gy1hdt1tfaob8j20sf0nl0y0.jpg,https://wx3.sinaimg.cn/large/73248c37gy1hdt1tfjbffj20sg0kbgpu.jpg,https://wx4.sinaimg.cn/large/73248c37gy1hdt1tfpu3qj20sf0jvacz.jpg,https://wx2.sinaimg.cn/large/73248c37gy1hdt1tfwsbmj20sf0jh78b.jpg,https://wx4.sinaimg.cn/large/73248c37gy1hdt1tg495jj20sf0iydio.jpg,https://wx2.sinaimg.cn/large/73248c37gy1hdt1tgd01ej20sf0irdj0.jpg,https://wx3.sinaimg.cn/large/73248c37gy1hdt1tgk484j20sf0jqgo9.jpg,https://wx3.sinaimg.cn/large/73248c37gy1hdt1tgt5acj20sf0iy0uu.jpg",,,2023-05-10,微博网页版,2,0,1,"滑雪登山,玉珍拉姆",,2023-05-10 14:05:00
4899785885353353	,MFRSYmsEp,【西藏加查：中学里的藏文书法兴趣班】西藏山南市加查县的中学#藏文书法#兴趣班，由2名藏文教师任教，每周两课时，利用自习课或晚自习时间为学生和教师授课。课程内容包含执笔、运笔、姿势等基础书写技能，以及藏文中的乌金体、珠擦体、簇仁体、簇通体等各类字体的书写方法。#西藏教育# ,,"https://wx3.sinaimg.cn/large/73248c37gy1hdt1oiq9w2j20pu0h7dkp.jpg,https://wx1.sinaimg.cn/large/73248c37gy1hdt1oj42xtj20pu0h879w.jpg,https://wx1.sinaimg.cn/large/73248c37gy1hdt1ojduhej20pu0h8gqk.jpg,https://wx1.sinaimg.cn/large/73248c37gy1hdt1ojp3h3j20pu0h8n2h.jpg,https://wx3.sinaimg.cn/large/73248c37gy1hdt1ojztslj20pu0h8dkr.jpg",,,2023-05-10,微博网页版,2,2,0,"藏文书法,西藏教育",,2023-05-10 09:50:51
4899501230523918	,MFKtR2cii,西藏版的挖呀挖呀挖，跟我们一起来挖虫草！#满脑子都是挖呀挖呀挖# （@中新视频 @西藏日报） 西藏在线网的微博视频 ,,,"https://f.video.weibocdn.com/o0/d7SN0b51lx085iPVpHDi01041200plqu0E010.mp4?label=mp4_720p&template=720x1280.24.0&ori=0&ps=1CwnkDw1GXwCQx&Expires=1687171258&ssig=kv7gDtxbNh&KID=unistore,video",,2023-05-09,微博视频号,6,1,4,满脑子都是挖呀挖呀挖,"中新视频,西藏日报",2023-05-09 14:59:44
4899489905901648	,MFKbAoLhS,【西藏加查：“软黄金”助牧民经济增收】4月下旬，西藏冬虫夏草采挖季已开启，加查县是最早开始采挖冬虫夏草的县区之一。冬虫夏草(简称“虫草”)是一种名贵的滋补药材，素有“软黄金”之称，主要分布于海拔3500米至5000米的青藏高原。据悉，冬虫夏草是西藏农牧民重要收入来源之一。 ,,"https://wx4.sinaimg.cn/large/73248c37gy1hds3r3iydoj20pu0h8jy1.jpg,https://wx4.sinaimg.cn/large/73248c37gy1hds3r4k0ljj20pu0h8dkw.jpg,https://wx4.sinaimg.cn/large/73248c37gy1hds3r4tdm7j20pu0h7dlf.jpg,https://wx3.sinaimg.cn/large/73248c37gy1hds3r52oq7j20pu0h3tdm.jpg,https://wx3.sinaimg.cn/large/73248c37gy1hds3r5c27qj20pu0h7n15.jpg,https://wx2.sinaimg.cn/large/73248c37gy1hds3r5jwx8j20pu0h8myz.jpg,https://wx3.sinaimg.cn/large/73248c37gy1hds3r5v9uej20pu0h8aex.jpg",,,2023-05-09,微博网页版,1,0,1,,,2023-05-09 14:14:43
4899165635086648	,MFBKzllgI,【西藏学者：寄宿制教育更应以当地人视角去理解】“当谈到寄宿制教育，我们需要从那些有过亲身经历的具体人物和他们的感受中理解寄宿制教育。从人类学角度而言，我们不能凭自己的主观认识，而应该尽可能从当地人的视角去理解现象。”近日，西藏自治区社科院民族研究所研究员白玛措博士就西藏寄宿制教育接受中新社采访时表示。　　白玛措出生在藏北那曲，那里是西藏典型的牧区，对于牧区环境下的寄宿制教育她更为熟悉。在她认知中，有很多和那曲一样的地方，地广人稀，很难就近办学。　　她讲述了一位出身牧区高校教师的求学经历，这位教师出生在那曲尼玛县，离他最近的小学在45公里外的乡上，这段距离如果徒步得花费1天，由于乡上学生数量少，在乡上读完小学二年级，要到县上继续读，后来从尼玛县的初中考到了在拉萨办学的那曲高级中学。可以说，这位牧民的孩子一直借助寄宿制学校的便利完成了九年义务制教育和高中教育，后来考到了西南民族大学，硕士毕业后又留校任教。在这位高校教师看来，寄宿制教育给了偏远农牧区孩子上学的机会。　　白玛措也有寄宿制学校求学经历，后来在挪威、澳大利亚留学。她讲到，寄宿制学校并非要求所有学生全部寄宿。像一些生活在草原腹地的牧民，他们为了更好照顾孩子，从村里搬到乡上，孩子每天放学可以回家。类似这种走读生的就学方式，在英国寄宿中学中也占了相当大比例。　　白玛措坦言，通过对有过寄宿制教育经历的人了解后，她体会到，对生活在草原腹地的牧区孩子而言，这段求学经历是塑造其认知过程的一个重要阶段，让他们在经验观察和理性思维中解释和理解他们所处的世界和他们父辈创造的知识体系。　　对于西藏寄宿制教育应该更多以当地人的视角看待，西藏大学教育学院教授邢俊利与白玛措有着共识。她说，从1985年，中央对西藏在农牧区全面实行以寄宿制为主的中小学办学模式，并对义务教育阶段的农牧民子女实行“包吃、包住、包学费”的三包政策。从2012年起，西藏又将农牧民子女从幼儿园到高中的教育全部纳入“三包”免费教育范围，自此全面落实15年公费教育“三包”政策。近些年，“三包”补助标准也不断提高。　　她观察到，在“三包”政策下，相对于部分农牧民家庭的传统饮食习惯，学校饮食更丰富，日常供应肉蛋奶、蔬菜、水果。　　“十一五”时期，西藏将寄宿制学校建设作为推动西藏教育跨越式发展的主要工作重心，义务教育办学条件得到很大改善。邢俊利说：“尤其过去10年来，从校舍条件到教学质量，是西藏教育发展最快的阶段，像学校供暖，西藏全区现已实现全覆盖。”　　从过往西藏教育相关调研中，她了解到，在农牧区寄宿制学校，接近90%的教师为藏族教师，他们精通藏语、汉语，学生拥有很好的语言环境。西藏按照中国教育部颁布的《基础教育课程改革纲要(试行)》，实行国家、地方、学校三级课程管理。“所以藏语已纳入从幼儿园到高中的必学科目，而且在西藏地方开发的幼儿园课程中，相当一部分课程涉及到西藏民俗、饮食等文化内容。”　　邢俊利表示，西藏寄宿制教育为西藏教育事业发展带来的贡献不言而喻，所有经历者和受益者有目共睹，它既保障了西藏学生公平接受教育的权利，也在均衡教育中起到了很大作用，同时很大程度上降低了辍学率。(完) #西藏寄宿制教育#,,,,,2023-05-08,微博网页版,0,0,0,西藏寄宿制教育,,2023-05-08 16:46:12
4899149336281917	,MFBkhqmdf,西藏学生五四跳舞，步伐魔性、气质拿捏！网友：这舞姿迷死人了！#西藏# 西藏在线网的微博视频 ,,,"https://f.video.weibocdn.com/o0/ZXA86PaBlx085hhTIWdy01041200CgD90E010.mp4?label=mp4_720p&template=720x1280.24.0&ori=0&ps=1CwnkDw1GXwCQx&Expires=1687171258&ssig=3s6PvSiqm2&KID=unistore,video",,2023-05-08,微博视频号,8,2,0,西藏,,2023-05-08 15:41:26
4899081039647602	,MFzy7EtMu,【西藏：拉鲁湿地鸟欢腾】立夏时节，平均海拔3645米的西藏拉萨市拉鲁湿地国家级自然保护区里，草绿水清鸟儿欢，景色诱人。 ,,"https://wx2.sinaimg.cn/large/73248c37gy1hdqsq50yvlj20sg0jhmzm.jpg,https://wx3.sinaimg.cn/large/73248c37gy1hdqsq57m4nj20sg0jn0v5.jpg,https://wx4.sinaimg.cn/large/73248c37gy1hdqsq5e8ptj20sg0is40b.jpg,https://wx1.sinaimg.cn/large/73248c37gy1hdqsq5jcclj20sf0ifdga.jpg,https://wx4.sinaimg.cn/large/73248c37gy1hdqsq5r7ocj20sg0j10wn.jpg,https://wx3.sinaimg.cn/large/73248c37gy1hdqsq5y8ydj20sf0izac0.jpg,https://wx1.sinaimg.cn/large/73248c37gy1hdqsq64afrj20sg0jatar.jpg",,,2023-05-08,微博网页版,1,0,0,,,2023-05-08 11:10:03
4898407593804426	,MFi1VfXHI,【西藏戍边民警“管家”20年】西藏阿里边境管理支队民警李加潘近日刚刚获得戍守边疆纪念章，他已经在后勤岗位上坚守奉献20余年，用自己的专业知识服务民警和驻地民众。他说，“后勤保障好了，前面的人才能一往无前！”（@中新视频） 西藏在线网的微博视频 ,,,"https://f.video.weibocdn.com/o0/poB0nENjlx085dLAq2Ao01041200bOrr0E010.mp4?label=mp4_720p&template=1280x720.25.0&ori=0&ps=1CwnkDw1GXwCQx&Expires=1687171269&ssig=Z0VweYNNcb&KID=unistore,video",,2023-05-06,微博视频号,2,0,0,,中新视频,2023-05-06 14:34:00
4898348325145246	,MFguklAvQ,【美国超300名儿童在多地餐厅违规工作：有人干到凌晨 最小仅10岁】据美国全国广播公司等媒体5月3日报道，美国劳工部2日表示，包括两名10岁儿童在内的300多名儿童被发现在美国多州的餐厅工作，违反了联邦劳动法。其中，有2名10岁的孩子甚至工作到凌晨。美国劳工部称，在美国肯塔基州、印第安纳州、马里兰州和俄亥俄州的62家麦当劳门店中，至少有305名儿童被发现违反了联邦劳动法工作。而在2022财政年度，至少有688名未成年人非法从事危险职业，这是自2011财政年度以来的最高数字。（海外网）#人权##麦当劳被曝在美国多州雇佣300余童工# 西藏在线网的微博视频,,,"https://f.video.weibocdn.com/o0/iwaAQXvolx085dLjvJfi01041200g9s50E010.mp4?label=mp4_720p&template=996x560.25.0&ori=0&ps=1BThihd3VLAY5R&Expires=1687171269&ssig=SwE%2Br35TBB&KID=unistore,video",,2023-05-06,微博视频号,2,1,1,"人权,麦当劳被曝在美国多州雇佣300余童工",,2023-05-06 10:38:30
4898071554819392	,MF9hVkdK8,【布达拉宫开启2号参观路线】近日，#布达拉宫#官方平台发布消息称，从5月1日开始布达拉宫的票价正式调整为旺季票价，并且开放了2号精简参观路线。1号线、2号线参观范围均含雪城景点8处，另外又分别含主体景点16处，主体景点9处。2号路线只在旺季且当日客流超过5000人峰值时会开放，票价为100元。网页链接 西藏旅行,,https://wx3.sinaimg.cn/large/73248c37gy1hdnk8kphkaj20jg0b9whs.jpg,,,2023-05-05,微博网页版,1,1,0,布达拉宫,,2023-05-05 16:18:43
4898061056218054	,MF90Zq5Bc,【七国商人携特色产品进藏参加展销会】西藏(拉萨)中外商品展销会4月29日至5月4日在拉萨举行，共有印度、尼泊尔、巴基斯坦、伊朗、塔吉克斯坦、不丹及阿富汗7个国家，84名外籍人员携本国特色产品参展。　　西藏自治区拉萨市民在家门口便能买到伊朗手织地毯、巴基斯坦金丝挂毯，尼泊尔手工木碗、佛造像等充满各国地域特色的手工艺品。多国参展商人在接受采访时介绍，“销量不错”。（@中新视频） 西藏在线网的微博视频,,,"https://f.video.weibocdn.com/o0/sEI8pwEwlx085c9Kg9CU01041200oFF10E010.mp4?label=mp4_720p&template=1280x720.25.0&ori=0&ps=1BThihd3VLAY5R&Expires=1687171270&ssig=KTu%2BRYB2rW&KID=unistore,video",,2023-05-05,微博视频号,0,0,1,,中新视频,2023-05-05 15:37:00
4898004434421097	,MF7xFiy81,【西藏工匠丨索朗群培：马包传匠心】走进西藏林芝市朗县托麦村索朗群培家中的手工马包工作室，柜子上整齐地摆放着各种型号的#马包#。林芝市朗县的马包手工制作技艺于2018年被列入第五批西藏自治区级非物质文化遗产项目名录，#西藏马包#包身为牛皮，有防水、大容量、携带方便等优点。网页链接 西藏非遗,,"https://wx1.sinaimg.cn/large/73248c37gy1hdnb4eui3ij20sf0iymzt.jpg,https://wx3.sinaimg.cn/large/73248c37gy1hdnb4f9dzrj20sf0jmmzh.jpg,https://wx3.sinaimg.cn/large/73248c37gy1hdnb4fll9dj20sg0p00w1.jpg,https://wx2.sinaimg.cn/large/73248c37gy1hdnb4fxb55j20sg0h7mzv.jpg",,,2023-05-05,微博网页版,1,0,0,"马包,西藏马包",,2023-05-05 11:52:00
4897695653167561	,MEZvDdi1H,【拉鲁湿地免费对外开放了！】5月1日起，#拉鲁湿地#国家级自然保护区正式对外开放！拉鲁湿地被誉为“拉萨之肺”、总面积超过12平方公里的这个国家级自然保护区，90%以上的面积被沼泽、草甸和植被覆盖，水草茂盛，景色优美。市民和游客或在湿地漫步闲谈，或锻炼身体，或拍照留念，尽享生态之美。大美西藏,,"https://wx1.sinaimg.cn/large/73248c37gy1hdm4p196awj20pu0g246p.jpg,https://wx2.sinaimg.cn/large/73248c37gy1hdm4p22obij20pu0hhahj.jpg,https://wx4.sinaimg.cn/large/73248c37gy1hdm4p2uzpnj20pu0gh44a.jpg,https://wx2.sinaimg.cn/large/73248c37gy1hdm4p3twiuj20pu0hrgut.jpg,https://wx4.sinaimg.cn/large/73248c37gy1hdm4p4zp7qj20pu0gxgre.jpg",,,2023-05-04,微博网页版,3,0,0,拉鲁湿地,,2023-05-04 15:25:00
4897645695076132	,MEYd3lix6,“吮舌门”越洗越黑 达赖“圣徒”光环再次破灭！#达赖舌吻男童有多恶心# 西藏在线网的微博视频 ,,,"https://f.video.weibocdn.com/o0/lcCkoyiXlx085aFzwNZ6010412033kKj0E020.mp4?label=mp4_720p&template=1280x720.25.0&ori=0&ps=1CwnkDw1GXwCQx&Expires=1687171269&ssig=osuIiwOSwU&KID=unistore,video",,2023-05-04,微博视频号,11,1,1,达赖舌吻男童有多恶心,,2023-05-04 12:06:30
4897619798657690	,MEXxhAkga,【五四放假通知】不知不觉，五一假期已结束，不过还有一群人，5月4日还能放假！国家明确规定，14周岁-28周岁的劳动者五四青年节放假半天。 #五四放假通知#五四青年节你们公司放假吗？ #这些人五一假期可延长半天# ,,https://wx4.sinaimg.cn/large/73248c37gy1hdm4x3q476j20ew0bh74t.jpg,,,2023-05-04,微博网页版,0,0,0,"五四放假通知,这些人五一假期可延长半天",,2023-05-04 10:23:36
4896620564452989	,MExxCiGqp,【#西藏工匠#丨拉巴次仁：赋予木头新生的人】今年55岁的拉巴次仁对木雕有着特别的兴趣和热爱。1983年底，西藏自治区对布达拉宫的附属建筑进行例行维修，作为拉萨市工艺古建筑美术公司学徒的拉巴次仁参与了相关工作，从此和木雕结下了不解之缘。藏族木雕有着独特的构建和造型，在老师手把手的教授和自己的努力下，拉巴次仁进步神速，他的作品备受好评。　　2014年拉巴次仁在拉萨成立农牧民民族手工木雕专业合作社。他坚持带徒，传授技艺，致力于木雕的传承和发展，带动农牧民增收。2019年，拉巴次仁被评选为“西藏工匠”。#五一劳动节# 网页链接,,"https://wx4.sinaimg.cn/large/73248c37ly1hdip7zb9jaj20sg0hfq6g.jpg,https://wx2.sinaimg.cn/large/73248c37ly1hdip7zg6l8j20sf0k3n11.jpg,https://wx2.sinaimg.cn/large/73248c37ly1hdip7zkbj0j20sg0jdtc2.jpg,https://wx3.sinaimg.cn/large/73248c37ly1hdip7zo16mj20sf0i5gnv.jpg,https://wx4.sinaimg.cn/large/73248c37ly1hdip7zr7r9j20sf0j8dhf.jpg,https://wx1.sinaimg.cn/large/73248c37ly1hdip7zu7lxj20sg0kh40g.jpg,https://wx4.sinaimg.cn/large/73248c37ly1hdip7zxhcwj20jx0sgwhb.jpg",,,2023-05-01,微博网页版,3,0,0,"西藏工匠,五一劳动节",,2023-05-01 16:13:00
4896596406309263	,MEwUEqtkj,【#西藏工匠#丨久米次成：修复千年贝叶经 传承古老藏文化】#贝叶经#是指书写在贝多罗树叶上的经文，内容多以梵文书写，除佛教经典外，还涉及文学、艺术、哲学、医学、天文等方面，是了解南亚、中亚文化传播和历史非常重要的参考文献。现在存世的贝叶经中，超过六成存于西藏。久米次成和其他专家根据藏、汉、英多种文献中有关贝叶经流传、梵藏译经活动及译师足迹的记载，在西藏各地进行全方位普查，总行程达1.7万公里。网页链接 #五一劳动节#,,"https://wx2.sinaimg.cn/large/73248c37ly1hdip41gphbj20sf0iy769.jpg,https://wx1.sinaimg.cn/large/73248c37ly1hdip41lreyj20sf0iujtj.jpg,https://wx2.sinaimg.cn/large/73248c37ly1hdip41qm7lj20sg0hzgpo.jpg,https://wx3.sinaimg.cn/large/73248c37ly1hdip41uc9zj20jv0sggnv.jpg,https://wx2.sinaimg.cn/large/73248c37ly1hdip41xva3j20sf0i5wfz.jpg,https://wx4.sinaimg.cn/large/73248c37ly1hdip421sx9j20mq0sfjtp.jpg,https://wx3.sinaimg.cn/large/73248c37ly1hdip42a0xdj20sf0hgdhu.jpg,https://wx1.sinaimg.cn/large/73248c37ly1hdip42fdo9j20sg0kv41x.jpg,https://wx4.sinaimg.cn/large/73248c37ly1hdip42kigoj20nt0sfwha.jpg",,,2023-05-01,微博网页版,2,1,0,"西藏工匠,贝叶经,五一劳动节",,2023-05-01 14:37:00
4896540190049443	,MEvrZ0cRt,“十四世达赖常年以诺贝尔和平奖得主的身份窜访国外，以人权卫士或是民主斗士自居。可是在“吮舌门”之前，早已有端倪显现十四世达赖是一个利用宗教首领身份为所欲为的惯犯。根据影像资料显示，多名未成年人和女性遭到十四世达赖的“咸猪手”。”发布了头条文章：《十四世达赖“吮舌”事件国际舆论综述与分析》  十四世达赖“吮舌”事件国际舆论综述与分析,,,,,2023-05-01,微博 weibo.com,1,0,1,,,2023-05-01 10:53:37
4896535798090568	,MEvkTxWJ2,傅正：怎么评价达赖的“社会性圆寂”？ 西藏在线网的微博视频 ,,,"https://f.video.weibocdn.com/o0/aewzDZdOlx0855MGC4k00104120197kB0E010.mp4?label=mp4_ld&template=638x360.25.0&ori=0&ps=1CwnkDw1GXwCQx&Expires=1687171271&ssig=s5pQEjjcQs&KID=unistore,video",,2023-05-01,微博视频号,2,0,0,,,2023-05-01 10:36:10
4895513914641190	,ME4KHjtnU,“达赖集团从来不会告诉人们，在新中国进行社会改革以前，西藏约有330万克土地（1克面积约合1市亩），官家占有128.37万克，寺院和上层僧侣占121.44万克，贵族占79.2万克，占有比例高达99.7%。其中，十四世达赖就占有27座庄园、30个牧场，拥有农牧奴6000多人，每年在农奴身上榨取藏银200多万两！与之形成鲜明对比，广大自耕农仅占有0.3%的土地，食不果腹，衣不蔽体。”发布了头条文章：《“吮舌门”丑闻暴露了达赖集团和西方反华势力的真实面目》  “吮舌门”丑闻暴露了达赖集团和西方反华势力的真实面目,,,,,2023-04-28,微博 weibo.com,67,2,37,,,2023-04-28 14:55:34
4895179168025932	,MDW2MxFUw,发布了头条文章：《救救孩子》  救救孩子 ,,,,,2023-04-27,微博 weibo.com,1,0,2,,,2023-04-27 16:45:24
4895140815048266	,MDV2VlbhE,【道中华丨《文物有话说-八思巴铁盔甲》】八思巴铁盔甲，古代军用防护装具。该盔甲由头盔和铠甲两部分组成，饰牡丹、菊、云纹、宝相花等纹样。忽必烈钦赐的这套盔甲，它的主人究竟是谁？一起来看今天的视频《文物有话说-八思巴铁盔甲》。 西藏在线网的微博视频 ,,,"https://f.video.weibocdn.com/o0/mzVCqeuZlx084ZmZnbP201041201r1VD0E010.mp4?label=mp4_720p&template=996x560.25.0&ori=0&ps=1CwnkDw1GXwCQx&Expires=1687171273&ssig=TwAGDMq4eI&KID=unistore,video",,2023-04-27,微博视频号,0,0,0,,,2023-04-27 14:13:00
4895076352526694	,MDTmXaBj8,【中华人民共和国#主席令#（第五号）】《中华人民共和国青藏高原生态保护法》已由中华人民共和国第十四届全国人民代表大会常务委员会第二次会议于2023年4月26日通过，现予公布，自2023年9月1日起施行。点链接，看全文：网页链接 #青藏高原生态保护法# ,,https://wx2.sinaimg.cn/large/73248c37gy1hde0svz9imj21100hf78z.jpg,,,2023-04-27,微博网页版,0,0,1,"主席令,青藏高原生态保护法",,2023-04-27 09:56:51
4894781194377403	,MDLGTimLh,【2023阿依舍·中国漂流联赛在西藏林芝巴松措开赛】4月15日至16日，2023阿依舍·中国漂流联赛（西藏工布江达站）在工布江达县巴松措举行，本次比赛是中国漂流联赛2023年度首场赛事，也是西藏自治区首次举办的全国性漂流赛事。比赛包括7公里激流漂流筏追逐赛、2.1公里激流漂流筏绕标赛等项目，是目前海拔（3480米）最高的国家级漂流赛事。　　比赛地点位于西藏林芝#巴松措#国家5A级景区，巍峨雪山、茵茵森林、悠悠湖畔，一年一度的桃花美景，配上清澈见底的绿水，让参赛选手暨体验体育赛事的激情，也感受大美西藏的魅力。#西藏漂流# 大美西藏 西藏在线网的微博视频,,,"https://f.video.weibocdn.com/o0/JLiHWhVclx084XMQrStO01041200zw7I0E010.mp4?label=mp4_720p&template=1280x720.25.0&ori=0&ps=1BThihd3VLAY5R&Expires=1687171274&ssig=Df1%2F1fn7Kq&KID=unistore,video",,2023-04-26,微博视频号,1,0,1,"巴松措,西藏漂流",,2023-04-26 14:24:00
4894717567565983	,MDK2gvKfZ,【惊艳！#西藏的春天每一帧都是绝美大片#】巍峨的雪山、银装素裹的城市、绿意盎然的原始森林……你以为西藏的春天就这样？西藏的春天风景迥异，有漫山遍野的春之雪，满目青葱的春之绿，还有农忙之时的春之生机，一起#解锁西藏不一样的春光# ↓↓  （人民日报 西藏广播电视台） 西藏在线网的微博视频 ,,,"https://f.video.weibocdn.com/o0/rVCQNsWQlx084XMwCfFS01041202Ukca0E020.mp4?label=mp4_720p&template=1280x720.25.0&ori=0&ps=1CwnkDw1GXwCQx&Expires=1687171273&ssig=s2zpKBCmZ2&KID=unistore,video",,2023-04-26,微博视频号,2,0,0,"西藏的春天每一帧都是绝美大片,解锁西藏不一样的春光",,2023-04-26 10:11:09
4894446493368496	,MDCZ3e8iA,【苍穹巨灵·羌塘篇】羌塘，藏语意为“北方高地”。羌塘国家级自然保护区位于西藏自治区北部，总面积为29.8万平方公里，主要保护对象为保存完整的、独特的高寒生态系统，及多种大型有蹄类动物，这里雪山冰川连绵起伏，野生动物自由奔跑，高原湖泊湛蓝动人……共分布有国家一级保护野生动物10种，国家二级保护野生动物21种，被誉为“野生动物的乐园”。大美西藏,,"https://wx2.sinaimg.cn/large/73248c37gy1hdbqpxilzkj20g00sg7ey.jpg,https://wx2.sinaimg.cn/large/73248c37gy1hdbqpytd4aj20g00sgag8.jpg,https://wx4.sinaimg.cn/large/73248c37gy1hdbqq08lcuj20g00sgtha.jpg,https://wx1.sinaimg.cn/large/73248c37gy1hdbqq1pj2dj20g00sg4ax.jpg,https://wx2.sinaimg.cn/large/73248c37gy1hdbqq32bz4j20g00sgajb.jpg,https://wx1.sinaimg.cn/large/73248c37gy1hdbqq4j2fpj20g00sg7d3.jpg,https://wx3.sinaimg.cn/large/73248c37gy1hdbqq5lijqj20g00sgwma.jpg,https://wx2.sinaimg.cn/large/73248c37gy1hdbqq6sqn3j20g00sg47m.jpg,https://wx2.sinaimg.cn/large/73248c37gy1hdbqq7ytfjj20g00sggud.jpg",,,2023-04-25,微博网页版,4,0,0,,,2023-04-25 16:14:00
4894413270029194	,MDC7t07AS,【青藏高原生态保护法草案三审 突出雪山冰川冻土等保护】多方建议加大对违法行为的处罚力度，#青藏高原#生态保护法草案三审稿提出，对在青藏高原采集或者采伐国家重点保护的天然种质资源、破坏自然景观的行为依照有关法律法规的规定从重处罚。在旅游、山地户外运动中随意倾倒、抛撒生活垃圾的，由环境卫生主管部门或者地方人民政府指定的部门责令改正，对个人处一百元以上五百元以下罚款，情节严重的，处五百元以上一万元以下罚款；对单位处五万元以上五十万元以下罚款。网页链接 西藏在线网的微博视频,,,"https://f.video.weibocdn.com/o0/ORIhL7CPlx084WdamMCk01041200i4Wt0E010.mp4?label=mp4_720p&template=1280x720.25.0&ori=0&ps=1BThihd3VLAY5R&Expires=1687171274&ssig=Y30%2BXpELRE&KID=unistore,video",,2023-04-25,微博视频号,2,2,0,青藏高原,,2023-04-25 14:02:00
4894356768558818	,MDAEkzUxs,"【漫评 | 达赖丑闻：吸我的舌头】最近达赖喇嘛要求一个小男孩吸舌头的丑闻令人深感不安和不可接受！卑鄙是卑鄙者的通行证。达赖做法“令人作呕”“恶心”,对患有“恋童癖”的达赖，国外舆论纷纷认为“应以恋童癖罪行拘捕达赖喇嘛”。 ",,https://wx2.sinaimg.cn/large/73248c37gy1hdbq5lt254j21ww2pgb29.jpg,,,2023-04-25,微博网页版,2,0,0,,,2023-04-25 10:17:29
4894085993727231	,MDtBBfDCD,发布了头条文章：《扯下“精神领袖”的伪善面纱》  扯下“精神领袖”的伪善面纱 ,,,,,2023-04-24,微博 weibo.com,1,0,0,,,2023-04-24 16:21:31
4893986030616817	,MDr0n2AsF,【珠穆快乐藏语，喊你来学藏文啦~】珠穆快乐藏语周末班6月开课啦！快来一起学习藏文，通过藏文字探索那神圣纯净的天地吧！不要错过赶紧扫码，联系助教，了解更多课程信息，还可以申请免费试听哦~~@珠穆藏语工作室東日 ,,"https://wx2.sinaimg.cn/large/73248c37gy1hdajivs6kij20u01hbafr.jpg,https://wx4.sinaimg.cn/large/73248c37gy1hdajiwx7nfj20b40b1q3f.jpg",,,2023-04-24,微博网页版,1,0,0,,珠穆藏语工作室東日,2023-04-24 09:44:17
4893739082579982	,MDkA4aPaC,发布了头条文章：《西方国家涉十四世达赖“吮舌门”事件的舆论解读》  西方国家涉十四世达赖“吮舌门”事件的舆论解读 ,,,,,2023-04-23,微博 weibo.com,2,1,3,,,2023-04-23 17:23:00
4893323221799513	,MD9Lk7y8p,#西藏 阿里地区改则县位于羌塘国家级自然保护区，这里常年栖息着雪豹、猞猁、野牦牛等国家级保护动物。近年来，随着西藏加大生态保护力度，加上广大农牧民保护野生动物的意识不断提升，野生动物保护成效逐渐显现，绝大多数保护物种种群数量恢复性增长明显。西藏依然是世界上生态环境最好的地区之一。,,"https://wx3.sinaimg.cn/large/73248c37ly1hd8fgvz4fuj20sf0iyadi.jpg,https://wx3.sinaimg.cn/large/73248c37ly1hd8fgw2g3cj20sf0iy76l.jpg,https://wx4.sinaimg.cn/large/73248c37ly1hd8fgw5w0rj20sg0hbjt7.jpg,https://wx4.sinaimg.cn/large/73248c37ly1hd8fgw9e4uj20sf0iyq4m.jpg,https://wx1.sinaimg.cn/large/73248c37ly1hd8fgwpjn8j20sf0iyabv.jpg,https://wx1.sinaimg.cn/large/73248c37ly1hd8fgwws55j20sf0iyju2.jpg",,,2023-04-22,微博网页版,3,0,1,,,2023-04-22 13:50:32
4893319911965907	,MD9FZ8fqb,【重磅文章】三问吸吮男童舌头的达赖来源：西南政法大学人权研究院   发布日期：2023-04-202023年2月28日，现年87岁的十四世达赖喇嘛在印度达兰萨拉地区举办的活动上，吻一名未成年男童并强制要求其“吸吮舌头”。视频一经播出，国际媒体一片哗然。客观看待视频里所展示的达赖的“吸吮舌头”的下流行为，以及综合社会舆论“一边倒”的谩骂批评的和指控之声，与达赖喇嘛及其拥趸们以诸如达赖喇嘛本人的“玩笑”性格、藏族传统习俗等苍白无力甚至胡扯的借口，达赖喇嘛此事与其人到底为何，不禁惹人追问。一问，达赖喇嘛在猥亵儿童的指控上是否无辜？达赖喇嘛的此次丑闻在网络上引起广泛的热议，“舌头门”“吸舌门”的标题随处可见。尤以印度人为主的来自全世界的舆论之声已经为达赖喇嘛的是否真的无辜这个问题给出了答案。达赖喇嘛在面对一名印度的未成年男童时，公开并强制要求其“吸吮舌头”，这种行为就是公然猥亵。从国际法的角度来看，作为迄今获得最广泛批准的基础性人权条约的《儿童权利公约》，明确了“确保以儿童的最大利益为首要考虑”的基本宗旨和原则，也规定了“保护儿童在受父母、法定监护人或其他任何负责照管儿童的人的照料时，不致受到任何形式的身心摧残、伤害或凌辱，忽视或照料不周，虐待或剥削，包括性侵犯”的基本内容。舌头不论是从现代医学和性心理学都被认为是一个潜在的性器官，或也可以称为是性器官的延展。那么在大庭广众之下，达赖面对一位非藏族也非藏传佛教徒的未成年人，都敢如此放肆和下流。那么在具有神秘而隐蔽性的神职背景笼罩下，这位坐拥金钱、权力乃至神权的人物，达赖喇嘛将会以何面目对待毫无防备的未成年人让人不寒而栗。二问，达赖喇嘛尊者的神圣表象下，到底为何？达赖常年以诺贝尔和平奖得主的身份窜访国外，以人权卫士或是民主斗士自居，也常常自诩为“适应现代生活的教师的典范”。可是在“吸舌门”之前，早已有端倪显现达赖是一个利用宗教首领身份无所欲为的惯犯！根据随手可以找到的影像资料可以看到显示，多名未成年人和女性遭到达赖喇嘛的“咸猪手”。例如早在2016年，一个公开活动上达赖坐在穿着破洞牛仔裤的美国著名女歌手Lady Gaga身旁，不仅一直低头盯着破洞裤腿漏出的皮肤看，还不断伸手抚摸该位女歌手的腿，以至于女歌手不得不一边阻挡达赖的咸猪手，还要一边不得不尴尬地赔笑。在2018年的一场公开活动上，达赖望向一名13岁的英国女孩Tilly Lockey，在其展示仿生手臂功能的时候，反复触摸该女孩真实的手臂。即使是谈论神圣的宗教问题，达赖喇嘛也会表现显露出色情与下流。2019年，达赖喇嘛接受BBC采访，当问及转世这个神圣的宗教问题的时候，达赖带有情色意味的表示，未来可能会有女达赖喇嘛继承者，而她应该长得更漂亮，十分具有吸引力。事后，达赖的这番发言也引起了广泛的反感和批评，最终也是以被迫道歉而收场。三问，“吸吮舌头”是否真的是一项藏民族的传统惯习或符合藏传佛教的宗教礼仪丑闻发生之后，达赖喇嘛及其拥趸妄图将其违法犯罪事实包装成藏族人民的民族惯习和宗教信仰，想以藏族文化为自身的下流话语和行为作辩护。首先，“吐舌”不是“吸舌”。藏人的“吐舌礼”是源于公元9世纪对藏传佛教采取禁绝措施的朗达玛天生头长牛角、口含黑舌的传说而来，后世藏人做这一行为是为了显示其不是朗达玛的转世，也为了表达对他人的尊敬与欢迎之义意。达赖喇嘛作为一名藏族人更是一位藏传佛教领袖，为了给自己摆脱罪责以自己信奉的民族惯习和宗教信仰作为掩护，这本身就是对于藏族文化的破坏与践踏，是对藏传佛教最大的不尊重与玷污，更是对藏族文化和藏传佛教怀有敬重膜拜之心的藏族同胞最大的侮辱和伤害。其次，每个孩子都应当免受骚扰。姑且认为达赖喇嘛还是一位具有世界性影响力的宗教领袖，那么达赖喇嘛的尤其是公开场合的言行举止就会为大量的信徒所效仿。“贴面”或是亲吻脸颊是为人们所接受的礼仪惯习，而在公开场合与陌生人尤其是未成年人进行亲吻嘴唇都已经被认为是一种极不正常的行为，更何况是“吸吮舌头”！而如果将达赖喇嘛这次与未成年人“吸吮舌头”认定为是正常，那么信徒效仿的效应将像许多保护儿童权利活动者所认为的具有“增加虐待和猥亵儿童的风险”。言而总之，“吸吮舌头”的达赖终是有错的！在舆论发酵之后所发布所谓的“道歉声明”就足以说明，达赖集团内部对于吸吮未成年的舌头这一行为是不正当甚至是触犯法律，以及该行为与藏人习俗无关都是心知肚明的。达赖有意避重就轻，回避犯错事实。在道歉声明中仅提到了拥抱的请求话语，而始终未提“吸吮舌头”，明显有着避重就轻的嫌疑。同时，“吸吮”未成年人的舌头也与达赖自身的性格与宗教修为毫无关系。达赖办公室的道歉声明与边巴次仁都提到了达赖喜欢戏谑他人，然而二者也都提到了达赖常以碰头、碰鼻作为开玩笑的手段，但吸吮他人的舌头明显超过了这一玩笑行为的范畴。从其信奉者所提到的达赖是为位“早已超越了感官享受”拥有超凡宗教修为的得道高僧，那么达赖就应该比常人更应具有克制自身的行为，充分给予他人安全和舒适，因为放纵私欲本身与超凡的宗教修为存在对立！,,https://wx3.sinaimg.cn/large/73248c37ly1hd8f209nlhj20y20nm4h1.jpg,,,2023-04-22,微博网页版,3,4,1,,,2023-04-22 13:37:23
4893317076620420	,MD9BprMgY,#2023年西藏自治区卫生健康工作会议  4月19日，西藏自治区卫生健康委党组副书记、主任格桑玉珍说，今年要落实兑现基本公共卫生服务补助经费提标5元、高龄老人健康补贴年人均提标500元以及计划生育“两项制度”扶助、农牧区孕产妇住院分娩补助等惠民资金，办好卫生健康实事好事。 ,,https://wx4.sinaimg.cn/large/73248c37ly1hd8etb17nhj20j90bdgmj.jpg,,,2023-04-22,微博网页版,0,0,0,,,2023-04-22 13:26:07
4893314136670853	,MD9wFrZop,发布了头条文章：《性侵男童，十四世达赖的道歉态度敷衍》  性侵男童，十四世达赖的道歉态度敷衍 ,,,,,2023-04-22,微博 weibo.com,0,1,0,,,2023-04-22 13:14:25
4893312370606791	,MD9tP2xQX,#西藏宗教部门开展义务植树活动 植树现场一片热火朝天，僧人两三人一组，扶树正苗、铲土浇水，分工明确、各负其责。在大家的团结协作下，经过近半天的劳动，一排排沙棘、红柳迎风挺立。僧尼们说：“西藏的生态环境本就脆弱，我们要更加注重人与自然和谐共生，这既与国家政策相符合，也与藏传佛教爱护自然、保护生态的教义一致。”,,https://wx1.sinaimg.cn/large/73248c37ly1hd8e92c4jtj20lc0g0q6c.jpg,,,2023-04-22,微博网页版,1,0,2,,,2023-04-22 13:07:25
4893311322817689	,MD9s8bP0B,#2023年西部计划西藏专项招募工作启动　　即日起至5月中下旬，有意愿者可通过微信公众号“西部志愿汇”或登录西部计划官网在西部计划报名系统中进行注册报名。　　据悉，此次招募对象为普通高等学校（教育部《全国普通高校名单》所列高校）应届本科（及以上）毕业生或在读研究生。到岗之前获得毕业证书和学位证书，通过西部计划体检，志愿服务期为1至3年，服务协议一年一签。　　志愿服务岗位涉及基础教育、农牧科技、固边兴边、生态环保、医疗卫生、文化建设等领域。具体专业要求须符合服务岗位的实际需要，岗位覆盖西藏各市（地）、县（区）。　　志愿者服务期间，中央财政和西藏地方财政保障大学生志愿服务西部计划西藏专项志愿者在藏服务期间的工作生活补贴（含社保个人缴纳部分）。由西藏项目办发放部分为二类区（海拔4000米以下）2736元/人/月，三类区（海拔4000米以上4500米以下）2932元/人/月，四类区（海拔4500米以上）3149元/人/月。服务单位按照每人每月800元（二类区）、1000元（三类区）、1500元（四类区）的标准为西部计划西藏专项志愿者发放生活补助。　　咨询电话：0891-6323988。,,"https://wx4.sinaimg.cn/large/73248c37ly1hd8e551xw5j20o20i2diu.jpg,https://wx4.sinaimg.cn/large/73248c37ly1hd8e557mv2j20oe0dqn08.jpg,https://wx4.sinaimg.cn/large/73248c37ly1hd8e55eg2uj20xc0irwn8.jpg,https://wx3.sinaimg.cn/large/73248c37ly1hd8e55ifatj20p00gowis.jpg",,,2023-04-22,微博网页版,0,0,0,,,2023-04-22 13:03:15
4893310580427090	,MD9qW1N6y,#中国西藏登山大会28日举行#        由自治区体育局、拉萨市人民政府主办的第二十届中国西藏登山大会将于4月28日至6月23日在拉萨市及周边区域举行。　　本届登山大会包括洛堆峰登山探险活动、西藏自治区户外（露营）徒步大会、西藏自治区攀岩自然岩壁公开赛、西藏自治区体育产业交流大会等系列活动。此外，大会还将设置山地户外运动、低氧与健康等交流活动模块，并计划成立中国登山户外运动联盟。我眼中的西藏旅游体育,,https://wx1.sinaimg.cn/large/73248c37ly1hd8e1kqfylj20lc0e8q5a.jpg,,,2023-04-22,体育超话,0,0,0,中国西藏登山大会28日举行,,2023-04-22 13:00:18
4893003934339577	,MD1slicVb,#西藏##西藏体育# 第二十届中国西藏登山大会将于4月28日至6月23日在拉萨市及周边区域举行。本次大会将以人类首次登顶珠穆朗玛峰70周年为契机，打造西藏特色山地户外运动品牌赛事，提升登山户外运动和滑雪登山运动产业发展水平，发展特色体育旅游业，打造全国山地户外运动大区。网页链接 ,,https://wx3.sinaimg.cn/large/73248c37gy1hd7euc1d2pj20go0b4aag.jpg,,,2023-04-21,微博网页版,0,0,0,"西藏,西藏体育",,2023-04-21 16:41:48
4893003132699799	,MD1r3bkl9,春日的高原，寒意渐去，暖阳和煦。重大项目建设现场热火朝天，投资拉动效应明显；游客到高原寻找“诗和远方”，旅游市场再现一房难求；群众忙碌于山间田头，特色农牧业播撒下春天的希望……网页链接 ,,"https://wx2.sinaimg.cn/large/73248c37gy1hd7eraqxhuj20sg0jadji.jpg,https://wx4.sinaimg.cn/large/73248c37gy1hd7erb146oj20sg0g0dkq.jpg,https://wx3.sinaimg.cn/large/73248c37gy1hd7erb8fezj20sf0f6dja.jpg",,,2023-04-21,微博网页版,0,0,0,,,2023-04-21 16:38:37
4893001510551756	,MD1or2jxi,发布了头条文章：《“吮舌门”事件的国际人权规范分析》   #西藏# #西藏教育# @胡锡进 @中国西藏网 @中国西藏新闻网 @中国新闻网 @凤凰网非常道  “吮舌门”事件的国际人权规范分析 ,,,,,2023-04-21,微博 weibo.com,2,1,0,"西藏,西藏教育","胡锡进,中国西藏网,中国西藏新闻网,中国新闻网,凤凰网非常道",2023-04-21 16:32:09
4892688509832189	,MCTfAFfNH,维护儿童人格尊严不容许任何借口  #达赖舌吻男童有多恶心#联合国儿童基金会大学生#西藏旅行# ,,,,,2023-04-20,iPhone客户端,5,0,0,"达赖舌吻男童有多恶心,西藏旅行",,2023-04-20 19:48:25
